-- phpMyAdmin SQL Dump
-- version 5.2.1
-- https://www.phpmyadmin.net/
--
-- Hôte : 127.0.0.1:3306
-- Généré le : mar. 06 fév. 2024 à 21:18
-- Version du serveur : 8.2.0
-- Version de PHP : 8.2.13

SET SQL_MODE = "NO_AUTO_VALUE_ON_ZERO";
START TRANSACTION;
SET time_zone = "+00:00";


/*!40101 SET @OLD_CHARACTER_SET_CLIENT=@@CHARACTER_SET_CLIENT */;
/*!40101 SET @OLD_CHARACTER_SET_RESULTS=@@CHARACTER_SET_RESULTS */;
/*!40101 SET @OLD_COLLATION_CONNECTION=@@COLLATION_CONNECTION */;
/*!40101 SET NAMES utf8mb4 */;

--
-- Base de données : `forum_freakit`
--

-- --------------------------------------------------------

--
-- Structure de la table `answers`
--

DROP TABLE IF EXISTS `answers`;
CREATE TABLE IF NOT EXISTS `answers` (
  `id` int NOT NULL AUTO_INCREMENT,
  `id_author` int NOT NULL,
  `pseudo_author` varchar(255) NOT NULL,
  `id_question` int NOT NULL,
  `content` text NOT NULL,
  PRIMARY KEY (`id`)
) ENGINE=MyISAM AUTO_INCREMENT=89 DEFAULT CHARSET=utf8mb4 COLLATE=utf8mb4_0900_ai_ci;

--
-- Déchargement des données de la table `answers`
--

INSERT INTO `answers` (`id`, `id_author`, `pseudo_author`, `id_question`, `content`) VALUES
(1, 6, 'admin', 7, 'Bonjour je m&#039;appel Dierry. :)'),
(2, 6, 'admin', 7, 'Bonjour je m&#039;appel Dierry. :)'),
(3, 6, 'admin', 7, 'Comment tu vas ?'),
(4, 6, 'admin', 7, '(°-°)'),
(5, 6, 'admin', 7, '(°-°)'),
(6, 6, 'admin', 7, 'Hello'),
(7, 6, 'admin', 7, 'Hello'),
(8, 6, 'admin', 7, 'Hello'),
(9, 6, 'admin', 7, 'Hello'),
(10, 6, 'admin', 7, 'ceci est est un test.'),
(11, 6, 'admin', 7, 'ceci est est un test.'),
(12, 6, 'admin', 4, 'ahahaha'),
(13, 6, 'admin', 4, 'ahahaha'),
(14, 6, 'admin', 4, 'ahahaha'),
(15, 6, 'admin', 4, 'ahahaha'),
(16, 6, 'admin', 4, 'ahahaha'),
(17, 6, 'admin', 4, 'ahahaha'),
(18, 6, 'admin', 4, 'ahahaha'),
(19, 6, 'admin', 4, 'ahahaha'),
(20, 6, 'admin', 4, 'ahahaha'),
(21, 6, 'admin', 3, 'hey! you are a new user?<br />\r\nAh okay.'),
(22, 6, 'admin', 3, 'hey! you are a new user?<br />\r\nAh okay.'),
(23, 6, 'admin', 3, 'hey! you are a new user?<br />\r\nAh okay.'),
(24, 5, '@anabel', 4, 'oh my god.'),
(25, 5, '@anabel', 4, 'oh my god.'),
(26, 5, '@anabel', 4, 'oh my god.'),
(27, 5, '@anabel', 4, 'oh my god.'),
(28, 5, '@anabel', 4, 'oh my god.'),
(29, 5, '@anabel', 4, 'oh my god.'),
(30, 5, '@anabel', 10, 'hello'),
(31, 6, 'admin', 8, 'faazfpazinaezfnpazf'),
(32, 5, '@anabel', 14, '  je t&#039;aime aussi.'),
(33, 5, '@anabel', 14, '    Ah d&#039;accord!'),
(34, 5, '@anabel', 14, '    Ah d&#039;accord!'),
(35, 6, 'admin', 21, 'Dommage'),
(36, 6, 'admin', 21, 'Ca va :)'),
(37, 6, 'admin', 21, 'Ca va :)'),
(38, 6, 'admin', 21, 'Ca va :)'),
(39, 6, 'admin', 21, 'Ca va :)'),
(40, 6, 'admin', 21, 'Ca va :)'),
(41, 6, 'admin', 21, 'Ca va :)'),
(42, 6, 'admin', 21, 'Ca va :)'),
(43, 6, 'admin', 21, 'Ca va :)'),
(44, 6, 'admin', 18, 'Essaie celle Ci'),
(45, 58, 'tinto', 18, 'C&#039;est vrai que c&#039;est cool'),
(46, 58, 'tinto', 18, 'C&#039;est vrai que c&#039;est cool'),
(47, 58, 'tinto', 18, 'C&#039;est vrai que c&#039;est cool'),
(48, 58, 'tinto', 18, 'C&#039;est vrai que c&#039;est cool'),
(49, 58, 'tinto', 18, 'C&#039;est vrai que c&#039;est cool'),
(50, 58, 'tinto', 18, 'C&#039;est vrai que c&#039;est cool'),
(51, 58, 'tinto', 18, 'C&#039;est vrai que c&#039;est cool'),
(52, 58, 'tinto', 18, 'C&#039;est vrai que c&#039;est cool'),
(53, 58, 'tinto', 18, 'C&#039;est vrai que c&#039;est cool'),
(54, 58, 'tinto', 18, 'C&#039;est vrai que c&#039;est cool'),
(55, 58, 'tinto', 18, 'C&#039;est vrai que c&#039;est cool'),
(56, 58, 'tinto', 18, 'C&#039;est vrai que c&#039;est cool'),
(57, 58, 'tinto', 18, 'C&#039;est vrai que c&#039;est cool'),
(58, 58, 'tinto', 18, 'C&#039;est vrai que c&#039;est cool'),
(59, 58, 'tinto', 18, 'C&#039;est vrai que c&#039;est cool'),
(60, 58, 'tinto', 18, 'C&#039;est vrai que c&#039;est cool'),
(61, 58, 'tinto', 18, 'C&#039;est vrai que c&#039;est cool'),
(62, 58, 'tinto', 18, 'C&#039;est vrai que c&#039;est cool'),
(63, 58, 'tinto', 18, 'C&#039;est vrai que c&#039;est cool'),
(64, 58, 'tinto', 18, 'C&#039;est vrai que c&#039;est cool'),
(65, 58, 'tinto', 18, 'C&#039;est vrai que c&#039;est cool'),
(66, 58, 'tinto', 18, 'C&#039;est vrai que c&#039;est cool'),
(67, 58, 'tinto', 18, 'C&#039;est vrai que c&#039;est cool'),
(68, 58, 'tinto', 18, 'D&#039;accord'),
(69, 58, 'tinto', 18, 'D&#039;accord'),
(70, 58, 'tinto', 18, 'D&#039;accord'),
(71, 58, 'tinto', 18, 'D&#039;accord'),
(72, 58, 'tinto', 17, 'Bonjour :)'),
(73, 58, 'tinto', 17, 'Bonjour :)'),
(74, 58, 'tinto', 17, 'Bonjour :)'),
(75, 58, 'tinto', 17, 'Bonjour :)'),
(76, 58, 'tinto', 17, 'Bonjour :)'),
(77, 58, 'tinto', 17, 'Bonjour :)'),
(78, 58, 'tinto', 17, 'Bonjour :)'),
(79, 58, 'tinto', 17, 'Bonjour :)'),
(80, 58, 'tinto', 24, 'Ca c&#039;est vrai'),
(81, 5, '@anabel', 25, 'C&#039;est facile :) ;-)'),
(82, 6, 'admin', 25, 'Suis le lien en Bd https://linkin.org'),
(83, 60, 'tata', 25, 'Ceic est interessant.'),
(84, 60, 'tata', 26, 'C&#039;est vrai que c&#039;est top'),
(85, 5, '@anabel', 33, 'je trouve que c&#039;est pas beaux'),
(86, 5, '@anabel', 31, 'D&#039;accord<br />\r\n'),
(87, 58, 'tinto', 35, 'sympa'),
(88, 5, '@anabel', 35, 'C&#039;est trop beau :) ;-)');

-- --------------------------------------------------------

--
-- Structure de la table `categorie`
--

DROP TABLE IF EXISTS `categorie`;
CREATE TABLE IF NOT EXISTS `categorie` (
  `id` int NOT NULL AUTO_INCREMENT,
  `category_name` varchar(33) NOT NULL,
  PRIMARY KEY (`id`)
) ENGINE=InnoDB AUTO_INCREMENT=11 DEFAULT CHARSET=utf8mb4 COLLATE=utf8mb4_0900_ai_ci;

--
-- Déchargement des données de la table `categorie`
--

INSERT INTO `categorie` (`id`, `category_name`) VALUES
(2, 'bonjour'),
(4, 'Vetement propre'),
(5, 'Cybersecurité'),
(6, 'dierry'),
(7, 'test1'),
(8, 'hello'),
(9, 'Costume'),
(10, 'Vetement Sombre');

-- --------------------------------------------------------

--
-- Structure de la table `contact`
--

DROP TABLE IF EXISTS `contact`;
CREATE TABLE IF NOT EXISTS `contact` (
  `id` int NOT NULL AUTO_INCREMENT,
  `firstname` varchar(255) CHARACTER SET utf8mb4 COLLATE utf8mb4_0900_ai_ci NOT NULL,
  `lastname` varchar(255) NOT NULL,
  `email` varchar(255) NOT NULL,
  `number` int NOT NULL,
  `statut` varchar(33) NOT NULL,
  `subject` text NOT NULL,
  PRIMARY KEY (`id`)
) ENGINE=MyISAM AUTO_INCREMENT=11 DEFAULT CHARSET=utf8mb4 COLLATE=utf8mb4_0900_ai_ci;

--
-- Déchargement des données de la table `contact`
--

INSERT INTO `contact` (`id`, `firstname`, `lastname`, `email`, `number`, `statut`, `subject`) VALUES
(10, 'ANGELA ELVIRE', 'KUISSU KAMMEGNE', 'ana@ptpt.us', 504080724, 'Particulier', 'je veux une formation.');

-- --------------------------------------------------------

--
-- Structure de la table `dislikes`
--

DROP TABLE IF EXISTS `dislikes`;
CREATE TABLE IF NOT EXISTS `dislikes` (
  `id` int NOT NULL AUTO_INCREMENT,
  `id_question` int NOT NULL,
  `id_author` int NOT NULL,
  PRIMARY KEY (`id`)
) ENGINE=MyISAM AUTO_INCREMENT=25 DEFAULT CHARSET=utf8mb4 COLLATE=utf8mb4_0900_ai_ci;

--
-- Déchargement des données de la table `dislikes`
--

INSERT INTO `dislikes` (`id`, `id_question`, `id_author`) VALUES
(24, 14, 0);

-- --------------------------------------------------------

--
-- Structure de la table `likes`
--

DROP TABLE IF EXISTS `likes`;
CREATE TABLE IF NOT EXISTS `likes` (
  `id` int NOT NULL AUTO_INCREMENT,
  `id_question` int NOT NULL,
  `id_author` int NOT NULL,
  PRIMARY KEY (`id`)
) ENGINE=MyISAM AUTO_INCREMENT=83 DEFAULT CHARSET=utf8mb4 COLLATE=utf8mb4_0900_ai_ci;

--
-- Déchargement des données de la table `likes`
--

INSERT INTO `likes` (`id`, `id_question`, `id_author`) VALUES
(81, 35, 0),
(80, 34, 0),
(79, 35, 0),
(78, 35, 0),
(77, 34, 0),
(76, 32, 0),
(75, 33, 0),
(74, 16, 0),
(73, 26, 0),
(72, 25, 0),
(68, 22, 0),
(63, 13, 0),
(56, 20, 0),
(62, 17, 0),
(67, 21, 0),
(71, 24, 0),
(60, 19, 0),
(70, 23, 0),
(44, 10, 0),
(40, 11, 0),
(39, 13, 0),
(38, 13, 0),
(37, 13, 0),
(43, 14, 0),
(82, 37, 0),
(36, 13, 0),
(31, 12, 0);

-- --------------------------------------------------------

--
-- Structure de la table `questions`
--

DROP TABLE IF EXISTS `questions`;
CREATE TABLE IF NOT EXISTS `questions` (
  `id` int NOT NULL AUTO_INCREMENT,
  `title` text NOT NULL,
  `category` text NOT NULL,
  `user_subject` text CHARACTER SET utf8mb4 COLLATE utf8mb4_0900_ai_ci NOT NULL,
  `id_author` int NOT NULL,
  `pseudo_author` varchar(255) NOT NULL,
  `publication_date` text NOT NULL,
  `category_id` int NOT NULL,
  `image_data` blob NOT NULL,
  `image_mime` varchar(255) NOT NULL,
  PRIMARY KEY (`id`)
) ENGINE=InnoDB AUTO_INCREMENT=38 DEFAULT CHARSET=utf8mb4 COLLATE=utf8mb4_0900_ai_ci;

--
-- Déchargement des données de la table `questions`
--

INSERT INTO `questions` (`id`, `title`, `category`, `user_subject`, `id_author`, `pseudo_author`, `publication_date`, `category_id`, `image_data`, `image_mime`) VALUES
(4, 'Docteur', 'Network', 'My dream.', 5, '@anabel', '2024-01-05 02:04:57', 0, '', ''),
(5, 'Ingénieur', 'Programmation', 'Bonjour je suis ingénieur informatique. poqdsvnqsvqsovqsvqsvq<br />\r\nqsvqsvqdsvqdsvqsv', 5, '@anabel', '2024-01-05 15:22:00', 0, '', ''),
(6, 'Bonjour', 'Cybersecurity', 'Hacking', 5, '@anabel', '2024-01-06 13:30:12', 0, '', ''),
(7, 'Colis non livré', 'Network', 'Je n&#039;ai toujours pas recu mon colis. Ok', 6, 'admin', '2024-01-06 14:32:56', 0, '', ''),
(10, 'vefvvevevev', 'Cybersecurity', 'http://www.google.fr  :)', 5, '@anabel', '2024-01-11 22:56:07', 0, '', ''),
(11, 'Voyage', 'Network', 'Suivez moi sur ma page http://www.facebook.com', 5, '@anabel', '2024-01-14 16:53:43', 0, '', ''),
(12, 'coordonnéé', 'Cybersecurity', 'Appele moi :)', 5, '@anabel', '2024-01-18 00:06:49', 0, '', ''),
(13, 'Salutation', 'Network', 'J&#039;aimerai avoir un colis. :)', 5, '@anabel', '2024-01-18 00:55:05', 0, '', ''),
(14, 'qebfrbeber', 'Cybersecurity', 'ahahaha :) , :( , :3 , ;-)', 5, '@anabel', '2024-01-18 01:07:27', 0, '', ''),
(15, 'Suivre', 'Programmation', 'Suivez mois sur ma page https://www.facebook.com', 6, 'admin', '2024-01-22 21:21:08', 0, '', ''),
(16, 'Ecoleit', 'Network', 'Aller sur https://www.ecole-it.com', 6, 'admin', '2024-01-22 21:28:42', 0, '', ''),
(17, 'test', 'Network', 'Suivez les pages http://www.insta.com et http://www.tiktok.com :)', 6, 'admin', '2024-01-22 21:40:01', 0, '', ''),
(18, 'Test', 'Cybersecurity', 'Allez sur le lien suivant https://www.youtube.com :)', 57, 'toto', '2024-01-23 17:55:43', 0, '', ''),
(19, 'test', 'Programmation', 'Bonjour. ;-)', 6, 'admin', '2024-01-24 10:07:54', 0, '', ''),
(20, 'test2', 'Network', 'Ca va? :)', 6, 'admin', '2024-01-24 10:08:26', 0, '', ''),
(22, 'Dierry est le meilleur ', 'Network', 'Ah ca c&#039;est vrai :) Suivez le sur sa page Insta https://www.insta.com. ;)', 58, 'tinto', '2024-01-29 00:59:04', 0, '', ''),
(23, 'toto toto', 'Cybersecurity', 'Ceci est un test :)', 58, 'tinto', '2024-01-29 23:58:55', 0, '', ''),
(24, 'test1 test2', 'Network', 'Ceici est un test reussi ;-)', 58, 'tinto', '2024-01-29 23:59:59', 0, '', ''),
(25, 'Cloud Computing', 'Network', 'Help me to understand cloud computing! :)<br />\r\nYou can follow me on my https://www.insta.com. ;-)', 59, 'Brondon', '2024-01-30 00:35:04', 0, '', ''),
(26, 'last Test', 'Programmation', 'J&#039;aime la programation. et c&#039;est claire.', 60, 'tata', '2024-01-30 02:50:53', 0, '', ''),
(27, 'test tes', 'Cybersecurity', 'zbncnnc :)', 5, '@anabel', '2024-02-01 10:01:58', 0, '', ''),
(28, 'teste test', '', 'zdvzvnkznjvnrzv :)', 5, '@anabel', '2024-02-01 10:12:28', 0, '', ''),
(29, 'test tes', 'Cybersecurity', 'zdcdzchuczczcdzzv zvzvrz', 5, '@anabel', '2024-02-01 10:17:39', 0, '', ''),
(30, 'test test', '', 'zdvkvihovriijrijevv', 5, '@anabel', '2024-02-01 10:32:23', 0, '', ''),
(31, 'ervvrvv rvrverve', '', 'rvrjrvverv :)', 5, '@anabel', '2024-02-01 10:32:52', 0, '', ''),
(32, 'tvervevve rv rv rfv', 'bonjour', 'rvvvvevvrvr', 5, '@anabel', '2024-02-01 10:36:15', 0, '', ''),
(33, 'bla bla', 'Costume', ':)', 5, '@anabel', '2024-02-01 10:55:24', 0, '', '');
INSERT INTO `questions` (`id`, `title`, `category`, `user_subject`, `id_author`, `pseudo_author`, `publication_date`, `category_id`, `image_data`, `image_mime`) VALUES
(34, 'test test 2', 'Vetement Sombre', 'Regardez ceci', 5, '@anabel', '2024-02-05 10:14:21', 0, 0x6956424f5277304b47676f414141414e53556845556741414148554141414234434159414141444d6d723169414141414358424957584d4141424a3041414153644148655a6839344141414149474e49556b304141486f6c41414341677741412b66384141494470414142314d414141366d4141414471594141415862354a6678555941414577595355524256486a61375031706c313170647438482f7037685448654d475247594530444f4e564e4669715455706b79526c7552574c335a377462746665666c7a2b44765a37563757614c557479695a6c6b715a595a465657566d5a695269415163397a356a4d2f514c38363545526542434353417a4b4a497262715a64794741694c6a6e33724f6650663333662b38747650663836764766316b4d4433502f73722f36614c7974777a6c45574f546f4d3767564238496b727935374e69304e727a4f6443694730414b5357567154676148464b554a556f7070426463755871646444726a352f2f6e6e374b2f2b774964783979382b7a3776662f4964686b654850507271433453552b73346e6e79357433626835505a744d726f3250446d396b732b6c316f565266615232576553614752346646345041674d31577057353265373636736a7471392f744d34535835655a724d6e327738666a486565504379747336787458655037762f4833326268366e614f3946336a6e36505437644a6557415642614d7875506550447a6e35476c4d3554534343454934706974392b367873585764672b306e704a4d78537574762f59372b37762f6a7633355a71482f394434385151675a5231432b4c374d505a6550676230766d4f3850377a494977664a6430657665565630746d453365306e4f4f6351516e7a74713071706b45713145614c6e72466d616a6b665854673732372b545436645a6b634849746d30323377506545464746564647493647685870624a703761355351456855455932444e566c567371714c6e724430555171514359595551546b715a53796c4851504533586c502f7567554b516749626550374f2f7662322f3231332b2f47506b7a674a6c705a58676f3372742f347937765a5a7533366434344d443067652f7748765036305171366b646b716e4c44576e764c564e5837365752344f387653757a7550486d36566564624a30316d33534e4f574e57566f72644857576c786c6a4c58475369464647492b594449646c6d4c547578556e79715a52794e35314f586a6a6e686b44686e4b7571716a6f79786e776870667a536556384164754644775273637650394568516f49455a757966442b646a502f6830792b2f2b5032486e2f2f73656d396c68567633336a396332746938377033394439353534367842436e6d354451634a6143466b79336d334e526f63667a6f5a44622b587a61616648753066664a696d6b357532716d4a6a6a4843566f53774c555a55357868694263775261657830454245474144674b55306d67642b43694a66526a46427469313170774971544a54464f566b654c4c66376e6133674a59515967635941535751416b373854644c55704e58356137756756497179794663476834632f65504c6c35372f393842632f753747372f56546d656362716c63304e7066574e647165374c4b51346c4570642b42704b4b634977386c45635378336f6a624c4d766e763459756333446e65652f33413850486e76594739765a54773457536e794e486257346a3367506434376e484e6e6d692b7338454c69505268726b554b69704b544d4d355457576b7035413847365574714d76626550762f677347787a753334726a3171664c362b736e5332747244397264336b2f4b6f76684a6b57566c4f706e55722f306657574d31514a366c333636423962556c4f763177516941614136714349456f6e6b77385064725a2f66502b7a76377933382b53526e45366d49425848427765724a3463487637613273625566784e4658655a61653643437731705165495a424b43595555525a7046302f476f577854355570356e7436625479573864482b7a2f33656c34664873364872587a4c4d4e554664343545434345524169426c4149704655704b52473232635167713535446549595845436f47704b6f51454b615257536e5755306c526c51546f5a6337437a6661585437582b304e62746c5770334f2f626a6436596452764138384b664b634f707634477944556739336e3333703043353754624d6c376d6f38716c4134325a755068392f6165506633305947636e6e6b316e574f75597a61627337547a76502f6a7373312b335a625730746e6c3152796835624b334a6a44484f5759747a546e71683150364c37666242697865392f643058766550447737584a6548696e4c4d76722b5777576c57584a71326d61722f2f3341756339754c6d6d6576416549576f374c6b55646b456b42776f4753436841494c4d3758305871655a5547567069756d4c48444f68336c654846792f652b394c4a66574a6c484c384e386238566c6e2b4c5561316b69434b79504f4d504d3251556a416444386d7a47566f48516d71396c55326d487837743739784b4a2b4e51434948534956566c4f4437596a7835382f724e62302f48677973723652686b6c7263493657317072764c6357353679776c5658354c41314f6a6f2b43776647784767314f67746c73456c6c7251326364486f4853717245536f6a4555667546726761632b5a4c5767613648697755745266312b4b553138757645633431316761676265574c45334a307051694c337046575835716a506e50726d7864323546532f546b65373730444a464b702f79696d57414f316d6670577a4b354853704243344b796c4b6e4f6b564b54544b63506a506177706b456f7456336c31665449345762484743436b31434947336e69784e7864374f646a516544614a577130305978306770774175386431686a4d465646575a5a6b655561526c35524658707661356b4170705a474e634d374833467747744868777a6663464875386b446f2f45345276424b792b5255694b6b774474506d65634d4476656c554f71366b764966744a4c573439375379744d674449645379744a61773277796f7458722f37554c5673395037376358324a3570684a514b4b5355716941424a6d633777654755714531705443536e72302b793861303431464756426356497950686b67704b68397378636777446d48633834373734576279386a5869582f6a78452b39325a73695a65496c6f6464666d376c32436e4453343658485359395748716b56556b6d434f454a367947615436486876352f33526a56742f743933722f31514877552b426b7a784c6d51774868456e7975676a2b6232394b343731447159673457585a354e696d644c5177346c4a5331566a6d4242357833654f747731694b38507a30633834506976634d37684b75524271535553434552516e357273596b376c573574736d30544c5474664732304e6f4f51386171444b637a55616e4352373230382f315548306132565a50427164484a314d686963494b5a46532f5365627077714538456f4667564a684b4644614e79487971644338722f32576b4569356f495a43346b586a323453434a716752557037397276686c48635a616d4b3735756e3757683075722b76725747624c70524c78342f4f687556565a2f763958742f627773386f45315a714b435144566d6f4d366e4c726e477434322f2f314b465770746747556b706c365555625366457368447145327639616c6c57324156664c7561706a7843497866785531466f734c766a6776347869684c67454137504f7a594e6f5041497651437546424b7931444938503232565a2f4c433375765a66786b6b726b556f395646705855716c516170564a72512b466b464d685a53576c4f6e556e556f68764851762b70516a564e314350414347555870564b66617955766f65775738615948325a5a646a58504d7177316459434462387a5a42634a717676365056557461464c4c44676664594a78754155424130627341355235624f3168332b483865743972564f762f2f54704e302b5544726f4b4b324f744e5a2f495a5638496f515943696c5058314546415a312b4879486c74335a493953394a52644668754f6d6e30302b503933612f65334b34393946304e4c787569334a314e686c666e5179484b316d615936797466646a666b757166392b4363683861534368786e33745651475a4d5556586d37794c4f4f716370723174676a35333033546c6f48706969362b57786144673733522b504269516659754836547a5a75336b4572565675707673464156336d39555a666b3777365044662f4c73775a666648527a75723258707247574e696371696a504b79564d5a597650423478392b71523431647a46326b52564337422b6b39316a6d637156535a353166794e4f3150782b4e73654851515459664436644857383136534a43655430664477354f6a673046764c38746f475152546a72446b46535037474362564a374e74566b58392f63486a776a313838656654377530386562557848513871714f4e564d4c315274634264546b4c3946676e574e6a33664f5959566c4d5635327a6a63356568586e61527050523470304d6d6d4e6a34392f3146745a66685446795a4d6f5469625756495751306e3962474d45764b552f3171434443476273304f6a6e383864367a787a38363274745a7939495a7a6e756b4470484334477754515459597a64394733735870515851654b39784c6d495a6f514241684f51564279694a6e50446a756c6b58363436546465526f6c375430644250642f5761553644574371366c735271766530386a5239662f2f3573312f626666726b766448526f545256425530754b547749372b416454756669352f2f72594f433879665763393356654c63352b514e5952662f4f73583867345235704f677a7966665a536e73332f555856724e653875722f35755536716b51597569394d4e2f6d38663757716a5253434a784c7234344778393837337475394d5434356a7375696d4750374452726b2b552b4a4533574b48793849784d2b6a6431396a6a374b426f423165324e4b327650506644364a4574337239393532312f35747a37732f417651435266367443725970762f6e70534b736f79757a495a6e72772f47342b365a566b494c3041706a66456557786c736b3878666c67396564756638426470795674373739674d68495634324a7237475143374a5956384f63507a4335784e4e3255397157594d6c44707a7a33624c496635444e4a72646e6b2f464b6e71553243494a4b5350484365322f2f4a67564b416947456332374a564e565661307a622b77617746614a47546437535a2f6d4650353048613838454b7756492b624a5176346b424543397057583274755644462f46714c423147382f6e724f31666c7358643377646172695153674a486c6d565a5773364872554f58327a2f626d396c4a567535636d5767676d44676e5a742b61304a3133345a4a394337327a6d2f672f565568524673495759663762356d484e6c617276716e2b44492b647634342f52586a716635662b54437434423853777a6a335044672f4e74525a7679667a37746a6c70556e79396c58432b4671627744757441306c5235476751715332662b63506635577166582b335770354a3849495839717132723662554365477144344e6e7971564f30697a3235575a586e584f647357433244382f4c2b7631553566433873364d4562674c436746536e6e43774b50562f476345565157564555334a44514c644b4d5a62595075754f526a47314e663058714155684e6f54614839716869745458387559756d716b6c556370304f72316770316a78633664676f7349496573796e3755696d30305a4842323064526a317979774c386a546c44473336686b4b31786e787a525a56654f3275363372746c38494b333948664f31527271715155544242346451525243712b587074543152414635415763463042744d553868794d7131566f55634e6566375050544f326332786a7157706974424c6f7454784c58676a4f6d76733430677a794479723538434639334c653939593859626f51702f5770444151356b586a4936507452437972615457376c7543317a52414549626648455a534f76586548536b5648416b706c34446754642b67633242732f644e68414b30454f693148767750394c7652376e7057654a3437726d314955677346596344775148412f675a4352495579684e4c5953357a373373304474586d394a6136794270773149586c76754f6c5356593658766169535051554655776e4d42774c426c4f424f4d4a54464a426d676d4b6f6e3750366e58586175677a3445373968476a71713859593869776a6e36573633657572494e5131502b6f62567034305147396c39647351366d51364754384c546f36664343452f394e34464e516e376c447879616f34583078712f344d4f3039765336734c6e7575624c713256787a7243374455732f5437337269715036397368514d4a344b6a675744335150427352374a2f36426c4e42476b75734b366d487a6e333873302b7a5452634c644134394852616e6f3056754c34465731636336367577306e636b6b534e5174656b6454324534385a794d42416448676f4d5477643642344f68456b686531395a68487a612b6b504850424e715a4265496630416938457a7457384b36313147455a52456b625274354c79615943376e337a3347365942337064466f58656650596b506c417164393870616933554f4b54332b6c425830736e6e78767459453579434b505275726e7664764f6436373464685939717975514c734c7262673268317256763236645a325646734c3471754c6f6d754c726d326436443351504a3970376b65434449692f70316736445778746f334370794851486d577570367256787962363436626d3535726d37437955682b7164754a5279714e6b2f5873724a615335593562436346532f2f754e74775a6550594864666b6859674c467875385077704c6562304b51536d72436a7a504c54475841326a364f6f48332f7668773573666670786e365252546c4f2b4d39476d413562583162344338534c78337957513876674e386b6d6670526c6d576f6247756a6872646e4776374d70783271714641457350564b353550336e66383847504c7a57754f56676569474652516d7a63685753516b454863383353585078675a63757761336a775850642b474c5233442f6957442f5544436543717739797a7539687969436c5a376e37693348783363644e36396174713534656b75312f39623656564d6141313376735161324b6b65657775613649496b3867594c74413047613174656170316f584f584c76664b3356596e36674b346f386131576d664c2f6436667a67366e743348727a333861655070364d42525a6f69337045315555652f2b62754444314c4b304654566e65487830543838337476397a65485230567157706f467a76674734473645362f354b706e517534466350566a567167502f6a55386645395436667651532f344663645a4648584b4e61306a336944784a4631593774552b73647632644675432b38386b7a33596b7737453444575a3648632f47757566325663756e487a672b764f315a582f4f302b78344336727539654b313552435472673656434349576e30344d6b576369396c574c3768534450367878586e59754b2f614a672f5a6e574f753877746f714d71573448636678444b655666544d656a4a396c3036737338662b644957414f555266474f57697277336b667065507a78382f74662f74367a423139382f2b546f554a5635336b5356716935484f5939312f71573845413953657670647548334438636c64782b32626a6c61766b5671356344637543677246416b686273324259586e4a4567614164313972767243417642486e686b517057562b444432343550376a6b2b654d2b7876755a526d727068496a39337656644f3738744362725867356a56486e6b4761317746556e7373366c33574e64546b763245616f7a6a754572396b54494b547a66726d7379747446555679335252463637347335586566644561563363633431577a417330765344342f33643339782b384e58333935342b62632f47493679315a783530415271634a2f62574e56466e444465764f72377a67655839397879723678345a557665553255747573726a673738304e44424c6f4a35347767694230614631723148416b69414a343734626a30773863643237564170566863783133376e726e5953624f61533467516c6865685875566f36774534346b677932417971375656696b734370376d326e745a30774653564c764c387654784c66317a6b2b57645656583570716d72366a59526176585756706e356a515243747074504a6a343932642f374f3464374f366e5130704f356471514d42687a396e792b6f50544f4e484e39596348393678665069655a57555670473575727231454b792f36757a685836465351644f44476455385557645a575043644451524c423153754f7261754f70543749594547672f704c7258505a766a596d5747705a58344e35747a326a736d4d77453279386b77776d6e2f765769334c554f79395770536261567752546c6b696d72653861596a36757132766e475170324d426d2b6c6f64343562465552684e486d654844383065443438505a734d67714e4b524579414770617057394d37794c30356c77646a5054616a717458484c657532646f4d4267494d39644f2b42654b2f614a726e32696272514f706155494d576f356b674354336450735374356e3561344630716a764e7a57745a335477577774754b3563384f786479795970494c785446435a4f764b2b464435302f6a7954734d5254345a4638517778436e774c516277475743694651515542566c70334a634c673248592b5779714a512f7054754b634337733644674a63426345476a505573397a3759706e6662574f53477461336756612b726150527675454168334138684b30753355366442704d6d6b5977332f51366a532b506b6a6f4b76336e5638324c66733373674b45707831744a7830546e30486d6364586e7555316b52786642516e795764684650314d5344475a64364b2f733144663970656c55756767594a726c3358517958736d6d6b39686157372b4f50444e702f687a74786a5831385443416c53573473516e4c7653624b6451733357707a7a6e654b436a5037724e4d6b3135527856582b3955454f5a727a4f33586d64374638704539382b6d394c6d797465395a58484a32575a4a625673594e555a7a48574a6469775231426f48647950347554506b6c623735794954705542387730447037537456336e7550735657374c504f6c716968435a2b33707a664c693158742f6d736f4943434e5937734f564e552b3337626d5131374a5936784b586d46762f68734c7758794f6f4336507153333748763578617a523968344f6c33504b764c6e6e3750637a4b756853716139477368566a77317530494b454468723759457831554d6878453459785757525a7a556e2b4a756b4e4739314868594b6d504e656d507269346e7a392f35574131644e416752335053742b7a3350656f364a7947796e4e4376536a616e646667334c79342b52717474613852384555436e6466794c726f72776c3851696466586c786f3648632f3653693359335150425a415a4b314d48625257394e536f585532676f684a6b5752487a706e783245724a713436646666654e784871757a36434d42713332743344754e764e676a42496d4e566b724a65366a52595074716a426874556c783871796f3958793951653243774b55433449374c3942546c72672f65304833476d46646b6f35634b6c4331634b6a4f42774f4c372b6e30594339457778706148632b564e63664769714d645330615465572f4f786247646b4a49676a4969536c6e444f7964316e6a365548796a796e716b726b57356a665837767975393949714a364748716c31754e2f75396836322b3076664461506f686842434c2f61637a472f4d2f45736c6131526e66615852557632714d4c7748623846577371357a57764553745553727070345a654b512b4b326668784a7562343966386a472f717072617372323364496e5847452b6736414a506131594858334b6330626d577044367539476a2b57536e495235384d766e484b6c74597a69704b576b374f3038655241392b754b7a6c79677862797a55337a6b6e314d746d4b317947496a6c7271664943706652684745623334376a31544158424f6f6a4f615456436e466e474f616c6461756930504b744c6e6e3576495270644d48756d4545796d6b7546414d786872386c4a6754575069464153426f354d346c7063732f535644752b584f744d753959797167366d74374b35696c6b754f425a6a69555a4c6d6b4c4f55704d305670547a75784c5055644b38754754736369314a6d4a6c787153424c70645436634e555641583950317034666163422f4775376732753434314b7163446f774445626a616a4b34707642684f50446737654f6c5953516846453874635963345030414c30784e7a76594e323248423363306232415230323536314663395374396263756139795670446c67734d6a7a59753967426637415565446744775857467472676c53676c615062636d787556467a62724e6a63714f6a334c494665514844656b68446c6e4b444942494f785a763951732f3069355042456b57615373704c7a356a756b676b374c734c357375625a5a635832725a4b6c7669614c364541745a4333577037316c65386e52616454462f58756f5472314b41384e594b557861684b6375323938526142336a6e4d4b5a455376304e684870302b4f613231336c55454244474c55786c34736c77324a2b4f682b32714b6d752f37757554626231374a636f524575494932693249343662794975765769797958764e6a5466506b773476463279504567494d306b336a617079566b334d567035396f3831423865613938614b757a644c316c634e4b717737326439595978732f6d73386b4f3373426a376444746c3845374f36487a444a42355261494f41313353696e4e697a3348376f466d4e4648637531577774566b52786736384941796732366c72774e32574a382f723472315335345461444472787a736f697a7a72706248493161725857413632466b4d4c58486648666f456f6a31567563434f6b52556d4a745256475647385042385166446b2b4e62565a46487371486565512f4379644d3736357350495956484b6f2b5548696b61453631714c55307a7965352b7950306e4d553966684868626d36386f3867536851306f7746525356494373453659466d4d704d59492b6932484c32754a51376d6671364a5374386b625a474f5761625a33677635366e484d383932415753594977356f5846515831745a30546c4b55674b7952704b686c504663344c576f6c6e646455513468472b6a6e626a304e4f4b6136614756414a583164366c6362326e704c5636554169694b764e754f683366444c546543734a594f57664e57386e6b577745666175524946656e3076636e4a38536670614c527071796f516f6b35787641646831566c68754c472f5574516d56387536516e4f6d2f714a756c504b654f50537339433374794c4c63643352616e6a42795341466c575776306543615a70764b55424f626d6c4534763369587371344d785735763266746579764f525a376c766173615556313462436563687a775769714755386c5a535851327463777144733753454c5843466b727275757a55727863626c7a737735564e4a635a55705a694e686831626c68326c413931414a4e394d71473946504b756a57794546555a374e3373756d3433746c6c6e616464654b3033614342354b5431714f614f2b446e41492b734939717846557942636e62797672786f2b3967587646515764784e4a7065344c516e2f4a737661734655465531626155306b6954303948734f2f6137426b6857453272472b5970445355356d434a504a303268366c33457563582b384552536d5a5a5949306c3053685933585a314a2f464e67644b31554a4e456b38556571526f447577636746676744353953526974445a71637554326365496234786f3655756b70664657776c564b695755733246564676334b6c44336e7248675a6242426f425a4632614f45704b6f39785a38526f4f5265714145777431446a30624b7762657232615669696b7037534357533749536b486c49465451616a6e57456b65675063354a5049493474415461492f3162437258357554697141362b5646594e755571544b43695a356658336a49464c516a6a32394a637656786a703455664f6d644f42726f636f367a3956424c56437450516950583741676932445571612b32466d3974366643353938353830336b48445a6e62765a323938674c68484e356a454d49674f6530313963314e31634b6841344f5642743930583965447038535a5142764e456b41594f58547336586c77526a43654b5634634b4a37736151364869734a49656f6c6a63396c793732724a3962346c544f5a634656396e4a572f615275646664724278354169696d6d716967644655636e6967655849517348326f794574424e2f5a7372546a7562465663577a4f304f77366b417966516378436b41552b30626e6a4b326a65566d5162636c3265786f322f6f4c5534364a41716856436d46534c2b4e2b556676774e4433633161637833736a684441493266696d4f6b7a583274414a63304b565552714c6e32687955336542316554735265526d6e754e3570485a6742614e4d387551673443635051723763446a6763616b6f6a57476f35727177595a6b583938396444513978704d4f6443766e506c525771515152323946716e6b2b6148694a77386a3775384550447573632b564f374e6c617355787a6752534f32346b6c615466307a314b3956436851756961685251322f616e3533512b5549745563496837556135775457695962584a484b6c5a436138394c774b4c56386137355865555a364472657268574e36395a624230796e6b5544664563377758474f6f5377744d4b434b30737a326c48474c50664d6968626a5043414b5047465131314e50717a6b767661776754535862653571666642587966333456382f78496b65594b362b4134634f774e4a4a4f735158636b5841327132752b2b71782b6151354f2b7a6c5633446a552f65526a784a3139453742344644475931525356516e6f4f6849737346536a6a4377484d377246444271786357436f4b7754742b436f4c6d4567453573574770564f4153446155786c366f4d6f50516a6e4d6f6b76575a6a55356c3872675870715443496c53344736674b4e556c576974305470344d39357045355050717a4865316d7842367a30426e6e5a59734e5a4e3653555a4a316f526e6351316653577038314f747a394646356a66574355595478665a6877466662495139334e4b4f5a7844552f6e42574b77557853477346613133467a33624b2b62416b432b314c4a373130453679326b4d386e4f6f656172357848336e30654d703357754b69576b486f62546575444963732b7975657a59574c5630652b3563393151644c3452687a6535496f6a6f77564e4c54547779625377576c4555797a674b4b712b7a3663383859356c31745043614231674c786b7349635167724b7153497563736266386f3957722f50374b357174432f54732f2b673132646e665932642b6c48536538767358624e3955466864444b30364267317462687652534f4f4b7a6f74307036535556704249467968426f3662656930476b624159676c4c3170314f72684a4d63386e525344475953724b7954757943426b4b30546c415a7758416d4f527870526a4e4656596c335332584f4d784b73494d736c4a78504a30556779535157564651324b35552f37653261353547436b4f423472736c7a523766715871306d327a6c57544344707454797678524745644e433633533634733557536c5a6e666f6d4f624e4f41486e537539453567516c48677a6d46644c37334a4965547362633237724f482f7a473379656454666b344e397756776174432f66514850795a7074636e794444736656435575416368395063704e61553051786b6f71726279515741643469354b4f55466e6977424946726f36415a65314c6b6c67514e7966336f6a716e577741713573484776446630444b6356545a37373759345738417447534571506c68366e6d78614f4269675271753778555a4a5874484f524553477063395232713962574b50516b67615858716c68755634524b3145434a63466a7638463561373456423147524573354269326c504f5631335657516c6a66763375682f7a6a332f6f48634879432f66494c5a6f634874463870766555357437617530304c776b7966337153704463426e49377a3153615653675252776e555242466b5653716a702b6352517148566f5a4157534a744362556c5541366c50567258585756533171482b475668625331544c6d6b76555365706d4b4e756b4e4d374c4d36735039467143566c53335271676d626269774d763832775a4b736233343764725161706e315243597974775a61353071783454793932394e754f4b4c524e6634643447624276514a456f684341516849476a46546e616f6155644f61797244373253466d4d555874533170744d7164414e4f4f4f6377317543746f77526b71506c76662f6a622f4f616e50365361545848704647764e7864477678364f55356b707669653976336552356d544f78426a576e2f6b6d4a554b6f4f3351456c6c566453475744614f7a704b6a397448694d454937787743693841524b4573724e48516952524b364f6b674b6d785a424b53366d6f4f44704a6f3672533462724b34595853777051354656647a6f734353454c507253735637313270574f75357379444a667a4d3146614b47395462366c6c736246632b504641644478535154654364516f73342f743159734e7a63714e7671474f46776f31692f535845524e6f556b6943414e424b3359737430715757695764794a42586d6b4456762b6a425361577a49417a4767524b5a387834704a4950786b48352f6d662f712f2f3366304c3932672f4c78592f78502f3549664c6138524279486c613862666e514b4d336c5149344f7253437172494747684630477256783636737345584f31466b714945415165417170354f4f4e7965544279654852317648425163756e6b2f70306d56716a6f38445269533264794a435574766d514631416e3577774642653257342f7036786165334a4a555650442f5754444b42395a357537466e754f44363457764c39757957624b345a416655307439593063617630786f3869787457723433703043372b485a6f655a674a444647456d70504f2f4638634b336b7778735647387557554638656e415736466d6f55515365787250634b566a6f5653574472386d385468774256454561377258623757527a716758574f7443793473586d64482f3377312f676e2f39662f4f2b4c714e666a69537a695a416836545a77764571363968506e6a7663636177576c6e576c6c6552642b3755576e70385172377a6e5076706d4d4959764651344b61744f722f6467665850724a3375727a3635485358527650435179466b6f6a4d4c592b33556c5959366a7430704b456b69436f66645172507256704d4e484b73395231334c316d454b7067613830795357746e303030734b3133483363324b323173567662617630313072336f343439737142717445674c5433396a755039617857526871315677393541553161434f485430577034623634616236345a75327a56677877565770386e487739415452343565596c6875562f515367354b65796a536d335942514d67754338456d554a412f444b447878726a61312f396d50666f4e2f38672f2f45613673734b4d52666a54456c6a6b71434c34322f6279774643416230503555705a5169644a366234786e323441446237354e2f373773453363355458356b2f584f7430497156556c527637555637357544413154686f6f6b4a476a467873367053474a4a4947576a53735672314a565846336d69695050316c70464848747562706936554f346844683264324c486174625641465a65305a49695879335663526c7862614f707032496542687057654939416c7133334a65476177726762763477695757705a2b7033596e722b422b5a3034524a577634636256586f764f636a56354a4c7a4631743575704b6154476746534d4d2b392b4d6176792b336b354733643177502f726b2b2f78362f632b4f6832322b6131776c4f616a554f573877644d376848663038774b6d4d3278656b482f3146584a6a5979673966335a6c3434706475724b316f51355062755a6d476f387a785368545645595268356131626b6b6863316136676a674b36354e3245586d6e67647155686c3750306536575743644f5a79354943557034744b7a78356374345352352f3976722b39667935692b69666365494959382f536b735136573739654d33466343332f4749334f586148375453394e4a616c65794a6a50576f6f49343941786d6b6c47716d42574b556f62544b417a2b4b7448366a7a357139782f475557526153634a76335869506271654c79664e33616f6e526278507957796e78725261636e4244394c332b49756e30622b3847397763726d31653172642b2b4e6477354f375044465534597a7a64347734476971326578626c726f564d696c49656748744f4b676e5662744c6b754635563175446f577270587857384657647366503871306d49726737644e5763652f796a305655694b31514f687a68476c2f5a71727153704f76632b524645707756594d546c514d6663346b686f785936743552496a43694a66555a56774e4134346d495a6b4a734345305a4e65712f5848743172746e2f375861316548563963336f5a5667706172395a712f374c624d4a462f7672352f305338795a50372f4653344b56455242464a4643356476336d72742f336f61546735654f466e685262374938582b554e474a4a4b335145625971644d7331525766787459454c58745133554678413272324d51646a7770307868734558567a4278597944586d30315543685534436c4a41494c56396d423834464e7a383435336d75694464437267523137326f6e7366554d7151774775655267484849384454456f6642672b586d7133662f704a707a746f69356f465947314e5a32487871645446505278764a565170495533786834654939585645767738724b776e54615353736a584175777472494b786e713458437a4a3857763378684e377a30334a6e6e6850556456774f4e686d3936684a776a67786b724738704968376c64456e5143743564656e49664e5534624b2b686375475a2b41775a556b317962465a575a74686354623652796942626755494a56425265413546384b385374742b57317a63663769453955576951695745326452796d696d664845666350322b784d59314b6e364965796654754d373931713933335536782f54363257305777586454733753557362796369725731314d3347754765504c6c344273467268437066597435714c583152535062336c596a6a434b32584d57594e592f6f597334787a7978353648423074712f32446d353173646d666a34504465376164507778657a6c4a6d426f326e43467763534c535143543978317442713053636733584d676a337654662f6374384b4f3978786c4c6c466236715331377a6770594f46544a557a556a61426d4b63312b7a4531782b614e337654486f2f464730745a4f4936486d6f66376d733933327a7738626a4f614253544f6374646e4833343053662b727056352b4949775a65477547776c5144716d726f712b6f51592f5a7862742f76376836373538397a34623144796e6e6a35615832516a646d7134555159664e6e47796c62424547584d4f7a373364306c66334b79377265336c2f336558732b666e505439644c724d644e706c4e6c755234386d56594478613655776d2b747034794e30715a3677694868427a4d4970344944314b65465255556f57534b794630416f3849424f38385276536c316f69353736784e746849434857684d70464646674b5643494a71352b7749646134496f514961362b66324753533458537466666f4441774a35756233444d5a435137324e41393246506433497836657442684d412b4c4d63645757664754544b336479322b39574e764f5436615471646b632b6959657930786e353565566a3976594f78643765675a64795233513675776778416159494d5547494d5a42644c6c536c3768494571794949726f7373752b45486730302f47477a3636585446487833312f63354f6d344f446b4d45673843636e675a394f51312b5741566b572b61494966566d696a474844575437536b724c64495a65436e5454684f516c464a556d7267755043385347534f35476e4666714c32797265314d524a7a6759537a55656965646b734f3471684a35453678425a6c6a58545a3270634772524364684f693469634a394533484e68772b2b613346672f7035302f5a4b54716544706a754c4c2b7a472f654b7a5a476355637a674a6b4474667a6a4f2f4d706e7779532f5757502b776b7a313930694b4a56473453566a3650534a306c4672316577764a7a37666a396e5a5756496b6a7758517579494f483475744836416c412b49343265453059527a4d2f6a72763331312f2f637069317675354f53474f7a7938357662327474794c462b76733777662b3842422f644154544b57515a544b643459313771534a67582f6476415465724b51366b4556696c326663684f6b5a446d6d6d46524553534f3951314261326d685550364f37597531435a584e6d7138475051314168517256697446646a537444764b6c5248426b6f56425167676959346d732f4338774a767a774b6d6231547a5552356277736c41387543353547655049723536455a44614147586757706e7a6e58544764386354626b307a326f426751734f6a6941524546756f615a62754e6a794c6f39784662573658633274707a7938765078586a386c552b53727a44324d5366487a38526b4d67512b66356e35384c2f382f33375044776233334c4e6e4c58643046506e5a4c48477a6d5759797155654b35586b7a3638326574594b66723234304d6d6f444e374b436d5a6f783167476c46427a36674a4f70526d7642336f6c6c6d6a71754f4261616b643743354d345841686c5a6a3942784569556a6773416874554545466c547451485773367654444e7152624a6575366d4a775055354c67597170535535626776555572533667396230324f5032336f3870536c594442537644695337413056343179684a4b786177373038352f315a7a7657696f724e77706c385a623145555a2b336f347a482b3545533770303833664c76644a6d6c744559592f49416a47614c6d5039772b412f2b346c6f566166665861466e65653333503048306d655a3939594b3778775930307a41394b2f6b652f35693349414157484f4f75336e42614a5979315147705542783778636c59734873734f426855584d7338555975586544747665754f7368656c554d426746564c5a447137664d796d7045484755675270687968484d56777465634b48793971383156344b74616d4549464b4e5648526d764d4d736e52385a677148394f4f556c61574b397274742b513871544d327832774b653865533353504e594b6278567444336c6c746c7955647079703030593856595175706d39764d752f4853463258787351316c436c6b6b476739677246586f702b314b717134534263327572716574323131356c50746a7143394b30377765446178696a78586e553632734355486675377a477762677933696f4b54736d43595245796c706a4a774d4a413865794735766d4735657057366c664574746346574d426a436f3663687332716439567366456d3563515151703165777834384d48464c4d68776a6c30494a47365271424d356244476751794975327530562b2f5361722f5077426765377a346b50586e45537264434b304f723763396d4e37304a39366b356e4359544842354c6e75394c446f6553306b7036476d3459792f74357a7430305a62327355506a545351694f72326d68626562564f6d766e6f77326c423232466f477133533950722b2f35356f565a33377635724434552f50763439746275336f593252623349344c7971307a502b554872724f732b59644b394a7a47416f7937356e4d594874583848797a37695a7668362b61316a6535596c374138596c6755485151617a645a732f656f696f7a4a4d657739506d4636556942635252517264435152546c4157687170796f424b36713275736954757374723744535a46794d4a77774f3970464f456c784f75356e6f585852663333553679794d526f495842344c3934376f57724c566757587575474d65563074437644427050745344517237753346796d5446634b587664346f57317637793270392f5539665a524e2b394e466e56736f622f746e7a332b5a6b49414e6a546b6377764531673267522f4b4f7074454b4731684e345461306b556145706a6d61537764796a5a505a5463764f5a6f64357642564975742b78666973764e4374456372555266666459476f4c4555564d68783347566a4a77654f596e6673527330474d564a716b46614231765153774c43783536594349316b6e497067755a795a6a4279464a5a686461654a4770514c7948655047537179373634736836432b574b2f6e6c39594642495a4b454c684359556763703749316676694a5055736b496f334a30457576694d6a706369582b74503078725766327573332f7667566f6370753934767976666532697538632f715961446a66466b796574324a6933586938796832564c424a6d536a4f4f494e496e7755555159617253485365625a505a51386569625a5749464f32394a666157364d66344e4975476c70374859386d2b736c616a5a47796b50477833744d52686e62443266735042476b307769704171496f714f6b6e586d434d6f366f38586969536b5350335136783667574a47727a556753544b7572426b3637575953794e636858764f3053745548636a4151504e36575048676d4f447170717a424a4a4a434270497743706e48494f41794a6a5558676d307a737a6264487a7231427268546a7a53756a365963662f7057376675312f31556e7971716157336f2f4c6a59335073753938352f2f77653376583350487852324977304e45463161724c2f476f74443047754a4a5653484c63546e693331324676714d6f736a684a496f4b52426531446e634330472f492b6e3150422f476a6a44683954357330636c4c36505867396b3344307579596966326338575245646d6a4a52674f4d7958424f59717969717651702f43753841756f6d4b6c744f4b6364507950616e724b316b4c4739737339776173397974614c586638445133643970376d493046543763463978384c746c386f70744f366e7170775646497a54434b326c7a70455655556d6f47304d5557585231694c6e4f394a6663352f6e33382b423431347647337a3434576646647a3739312b485330702f4657583730696c414872546245385a375a32506a7a34766274652b36724c7a6544775741746549754179514f56464578302f514765393774734c2f6334374c5359684148575769523131634d367a33416965664c436332335473376e6d575661654948794e78664d764d39536942445943364f5554446f635073656b655579395a696a3273514a354155576b7159302b7a4d4333725357686836476a484f63757443533233793071596332316c796e492f49347a7335575739432b3730504567394f49596e4f344c6441386c6b5774644274616f422b634a3742714775715a5447556768596e575773554e42316e744462727858713349684e6865426b592f3134384e377466792b76625037765a6139334d447333334b78756b4b6f716c42417a72395158326362476679672b2b4f4237636a4a5a30346448784175386133644a4a442f2f75684343777a446b55612f4c7735552b2b2f304f5a6141783143757a6a4863495658654a7a564c42336746383955537975755452327247793775765175666761683934413879727974485746387963494f3649544b70593741614e4a7847796d53544e4e6c6b754d7132395a47446a69794e4e4b4c4e31325362395430753859316c59726c76754f654e3656667235436335485a44657350372f5061374e352f49766e796b5754765546435554526c616750474f7a46684b4a5a684749614e2b6c324d68754b6f56377a744858465945463958764732484f4b6449564d464f4b6f2b765842696366662f4c4832665872663968717478387172613039422f4c584f31364c416c6d57534f2f33754862747a3874662f343376444b72717576326a5031705a4b5575362f73796575777467394d57477330494b686f486d4b4e43634e4977346279322b4d6c686e63624a2b4d574e684f425538654370704a2f55634252315a756973673941565a2b5156557a446d376f64323268474846327070694d7a4e4d70705a707173686d697179736853714151447553794a4d6b6c6c3762304770584a4a47742b33694342747a2f75756877486731716175546f5750445649386c6e58796f65506c4d4d4a2f584c4b41315743717a7a47474e7230725a575a456f67516b3055614b354c2b664b6371517641484e6b4964426745484b36753545656666504a6e6b34382b2b703945662b6b766a50637a79764956767a7748394774384e49367a6547586c71324a393751396e6b394874365a5048762b4e325869696446375335574c434c587766653036307131744b4d34326c416a6d656d4a43566e617a306b3446584e5a69674d48427a42563438456353694a5173396437556953637966465856364d526e696b6268715568615856726f65465a4b576b4c4157566b546866477a44567a4f6150676d6279646d52726347342b434f5472686f45735448447842517950424138655358372b6c65546855386e4a694c72375844567a4675636273337a4e62417571696b357057456b7a56744f63546d565143367445467a5731436168505465372b386e4b78652f667546374f62742f355873627a3037774f6c396a506e2f486d453731536f6f6a49495a366e4c4f763434326c6a2f39394f50502f3767384d75765070565674643761325657527461656d774a2b7a39664e37486e6e50656c36676e434f6f4b734b735a4b63564d516b3170736e31724a4355556d43625a4430724244763764543458525a4a57374c6c2b315250477644784c7958484a30437342726e6d785a74687a3148494579587a6c394d76314e446e666c4d7a632f4451736a4b386233624e5947584b516a75484a4d3848507636724e3775464a58624d5671764864445231494e326963637035755a6267787933682f4f754e61576e436c4b416b626f5a34625a337836627a50674949703473625831354f446576582b6c2b2f302f62466e336e4e63515857716675725a614435565143685646566e55366a317433372f3762344c642f2b3834412f7a73367a612b4a6f794e57476868515870413431774e575042337253624b437344496b526356614b3259554256525334595667456d694f3470425270436d306f6e4977796953505839522b53457450565471324e7574703251514e556475386868506b52534d6351446851494a7547345761442b637635726c74674e35776a596c2b6f6f577168386c7a43654378353942522b386e504a5a2f636c4c77346b61536e717961525345446e48536c3679564a53306a535677446d30642f614c696570707a493831594d70623448476a44516f626b67416d776c79542b79665872542f5a76332f375831664c79502b736f395a6d77706e7064346146653448663932746b2f314a504d6648646c35664f72502f726866372b5470737337423865724c6b306a6b65646978546b6b4c392f6a785148616336765a74343437576361566f69545445694d6b526b6f4f3434424833525a50524a766a53434344756731776d6775657642416f58546441355a586a50656e6f394773664b344a4c674e4c546d37387751323852326b4a63486b6c3763586b7858727873423730415a32413445447a61466e7a32685767454b73677267566343722b72373136384d747959704e3663704b32564a5969336165324c6a36426848797a67304c34394a50503832526b4c775041374e302b76586a6e62753366743335636247502b38613877746c544d6f6255555450672f5857456f54525557647236302b446a7a362b4d33692b73326e476f2b2b7973784f3432597956633162526e545048456769395a396c59656a687356612f617363427971644857315974394f7036544a434b5864662f7130645442547430395631704c5951545874687a3976717342396d42427149736a37427776473636357633306a354d532f67742b6563554161663166434e424f6344415650746d5564365436556242394b4a6b5739793030466b486a4c556c6c78657a4c6a6739475547326c47767a4c456a534a6f5033394a2f354b477a72567a4875574f455779334568357562427a7558722f2b5a395031395838547866466667422b39436275776a6e375031356d63513274745a52532b364e79382b6338507676653933763530327072432b2b577a5a2b70656e744e657345694c476d735867525950476c392f6d4f614452486d4a646737744843316a656572684b4b3658792b644f4d5a674b374850504c4b76337a64793749626831513344726d71585857376a78386d576537617530776a656a6e62773230776463436366486770316479594e6e6b7674504a5473486b6f4e6a51567049704a4b45577044675743384d4e38637a5068714d65572b53736d784d37567650425a627a707a32584a566c674b415176347068666247364f6e3731332b302f793959332f722b70302f6c3069315a48794669306c67564b6f4f5248746773627a6574586d2b63554933694f73785574426f4e5558796456722f3272343863645844717371746d563577372f595564654d5a646b35776e504a38574c4e652f482b7949573861375530654a6353576b2f6b6f64317a444f4f516b51354a7653544c34666d2b5a4a4936686d50507963535335354c726d373770636255456761743367702b75624c7873414f4635326f792f56464f396b383161554546565369716a4f423742342b654b783975537235354964765a6c505166434370494145676c7457374655566c79645a74775a546e68766b724a61566166526133454a4d72655944756241534375654a776d506c35657a423965752f666e777970562f4763664a4879624f376469714941646b56574b79374577524c39426344664269662f2b31624f636f30412b374731662b72623933722f6469634e4c4e4a754e566d32554557636171353657366f4c73416152494c6770352f503747577a5478484131316a4f4f676b3748554542306c4d326e54637a5172483968466b316a484a5058744478397179593275395948577049744947685545322f4e35546d48464f547a6b64734d2f4c6f396538662b6d646e6d356938784b484a7330446a7365617734486b795a376d7961376d344668784e4a536b446e77414f704330725757354b4c677953396d617046784a633962546a4e686133494c50644a6551437070304677654d4244794e592b3676724c432f746656586b2b586c667947452b464e747a4a4533686a47434b523652706f6a52364c5773776e6f367930557a394a73546f4a564365482b6b5736302f696d3763304d566b765049734c2f3476346d412f7159344f755a746d7250697a366f79377743526642457a4848734c4b304c45707930584a526c4777566c62736456714d67704143536534465a7179596e73437a49306d324a7a6c6368644757344f6f567a644b5370745056744e754b494251494b76436d6a6d6757493671585474693848555057455a674b38453552354a375a724159756a6b346b653065612f55504a387a334638596b6b6e3449714443764f455174506a4b64666c6178504d36354d556a5a6d4b663279497245573563397170656531557933345434425543455a4b3853694a2b58786c65667073592b4d5832647261503650642b6c6368504254653566697a3666442b45744c43312f76555253464969625047655774336f6d3733332f5875334f30654778732f66686a2f614972767a673650754665557246744c745041683347757161484b65476e6c6f5755646f53377247734a77586245356e6a4d4f516d645a4d564d684d42685243555930313434476b3645746d2b7a4854477847624e3374733356346d574f3053744158344447774b4a71756a47387147574e6177445957716f793268514d536757364262654265526d6f7239325a696435774f326e3830345048524d546a7a357742484f444f335345647553746a4e307261466a444574467a6c4a57304d30723274555a33476466552f7857432f646e4a675637556369544f4f484c666a3937764c372b462b6e4b797638594a4b312f32354c79437a6c666b74764d656c5358396f75385a647546614e416d5a77306174625065372f2f502f75624e654c73733469646c2b52316a544e735052396969594d32366871626a4c2f55686e4d74783534716a6e4b655856656a5330513472306a676b6a52315a594a6b4b7862674953516d70624d6a4564306d36562b687358715855312f47644665674a63436d594b5a6770337555496e344572384c3470493871674671614951625568364e52506c32444b676a5134354c68347766356f6838484a4344744b69624b4d626c5852635961324c556e4b696e5a6530636b4c2b6e6c4f5967314230376454586741696e502f3846696946494257436b7a44676671764e6c393175395868352b654734332f3833555a7a386977676559363331663031446e443377504736312f6d6a6c3276583473436a39307a7a2f635736736d676a422b30584a706e4e3047765270736534744635364c3174423479414a46476b544d644d6845526552615577514b4732684d494d6d4158437073474b4862665659326233486a37736463666638657137657545363331455647546537674b37334a77476434316d75744e6e5a4b4b45475162524149794152306956496a3049573170574f574571586e474a5038465a666d55576634434f796e716e6135535563674949774e7962556e4469494b4176736e7056675574387a4c693573355a717a6c6b58414744514c4d645254794f59783631326e3633302f6e464d456e2b685a6671333454575073754c6f73787a5436773163616546766d536f7837636c564b7778705a6279467973724b364d307a2f337a365377384b637150547252756a615a543768556c3134415657784f7235682f4d43494672576779396b4667684d454977437a5744704d564a306d55597435694745566249476c5a734a7343557a6c414952394472736e786c67797566664d4c37762f4662624e793551377932684572436853436f735158655544504e79724d77545767674f6a50427a525a3467614156776d597252376532734c4a4e5952565a6e6a4763544a685a5330734871456843444d72584b566d374b6c6771633162534753745a53737555424e366a6d774848306e6d6b723538416d59424472666b7153666969302f47506f6951376a4b49486552442b4d7933562f3969426e776c7238306d615570516c7253696972795169434444572f764b45326a786d57736e37556176394c395879536a524a302f4b5a31742b5a43646b2b56716c344c382b355535617375786f3563564b536851475a44736a44674649486c4c7147435364687843424f474d5674736954455252496c50635a443553526c42566c525962326c6d3751496c35594962393167356435644f687562646568394467566b3774336559724b71564e427164316a6244446765546b69653731413866385a424646465a547a754b30566f524b6b656b3667475967797068507a4f30307937394c4b4e5835595457456874445570556b6c5347704b7053786463716942412f696d4d39624866736b6155324f6b2b544c51716c2f62617a2f6e2f76572f687a6e6372536d332b75424545524b30653333694a58437671326d766d36446c484f4f6f69676f696f4b6b4752637739786c46575834566150582f57646c5946386543396c4e6e767a4d53676f48573545584f48574e7156366331347952686d4c53594a416e544f43594c51334b746d536c4e71674e736f416b535279637569414e4c36534176413861705a6951395a536b706735426546464c31752f686536785742666d4d694e6843476d6a434a63456e4d4c4167356c4a6f38444f693151336f4a364e696951316433684f6561535271786e375872574d4357524e6253726b7157736f78656c724763356169795a415138447a53665278475034695164526646544863662f55686a7a50347a47773066533264525868745856466637676e2f3554336e2f2f66644c5a6a464370707050674c595636382f723179302b776b47787558474534484c4c37664a75794c49696156735331626a76765273485068664f4244494c424379462b5a786133506e6d577056752b794c74543538534b72696446545a49576f79686d466f624d77704243615571704b41514579724b6335467a76544c6e5a48644f4a4b6972677854546d71364d4f6b30777972525336634f53324c726137623358677a694c72332b4a73525657567a504b4b635746787a7241613546786479726d7a50474d314c6f6d5559354247504274316554357063355446484a6b453754324a7265693143377046536138736b56584679446e32684742625354505277554f70672f2f70356f30622f2f33743639632f30304749384a3679794f683175337a6e30302b35652f6375302b6d30726a53395962666253304b39632f50576133386f54684b47677748484f382f775a55346331335778472b75727944427956566e397a466256746e4c2b4d4f334d2f702f5a5a4e4a2b556554645645492f444a46425142474535464a534355486c425a554834775843563678474d3935766e2f434431575065587872546a67774f65426f6c52486d663744686d564c516f70776e56724b424b5332787066696c434c537644624a6f79485536596a444b71615534766e484a44652f354f66387a33313865734a6957686368796c495a2f725a5952624a532f37444b7359377957706a706a7167436a78684e346a6e434e7a6c706b784f4f65716e70423763526a2b786231723137622f2f742f37652b72394439373334394849376533763134476b4542776548723430542b6d746f392b7663384a565656465631656d4d6e2f6d41796c59634538554a755379713161586c7243684c6378494730696c4a586b52694a4b4455415649704b6945777a54494159787956715565797435536848387834727a66676b2b55423135654b2b55514351756359394f42465576494d534d7553504c506b70635136395573527172475357656f596a6a4b476b774a546c6652614f54666146522f3052747a727a6d6848487147684578674b497a6c4b4131354d516f36386f6e496167614a5171706c724c42484e5a6b706a4464703547576e643637646164384d674f4d7a792f486d615a714d3079345a356e714f6b704637372f65364f70426b342b587054357075564a635a5557477677506d69613552525246416e76575531613058666153667a6a736978766d4b727143434577337045337858466e54543346326c7173735531726a6b64474f523078597a3261735a59554249452f726545744a5257336c314f3256783250683572644b6b654b736b614d2f4f737132652f2b734d3652467a6c3550734f366a4861556332307034373256677576396a483773547373713363437a4568617336686b746e2b424c68625668485755484171636c387a326f436f47556d6b434c6f42334864397674396838677841657a3265776e342f486f533276744630724b4132757450563042412b386b3344654b666e327a4c6172625736496f36333550496342613235744f5a2f656d73396b50787550786236617a32612f626f726752654e2b4f6763493672504e345a2f47326d596c75625432673074524c466f777679444c4c4f424d4d633055536d68716b6c7941447764717935383731696e3258735a785057566b66735a77636f4e302b336769455470715049622b356d726f633451596b36704331376f423757784e634c2b576a6a5a77626d7858645469314d613046564d43306b3430777954543146567456746b39614471476f3268716c484c4e5343725566524b36476b634f354b57565658527550787665336e323365744d3139304f3932664b536e2f4b6f71697830455148436f6c6e616b3831746d33627656384936466161394642774933626435424b4d78344f454d4b72504d732b4755324f2f756e5238636c764451596e4e796554795a6f784e6e624f71636f596e4c584e366d7233307466474e5651543735695638474963384e5678524438716b4d4c546a65716c50694a516847334e6c537677615643795655337039492b34326e314d55503043583251497351467143587a72586272344633346c41334e45614c5a5a627a336e6f327448394f55456c2b6463375651737259426f4b597a314645337a332f3559386e6751386d6759635444546c4a584859704243596f33454f3148762f476e6d5a336a7677466d38632b524634616654615838796e5878764f427a65585639622b3757725731742f65753361745838547866482f727051633478316c6e722b314f58367250465570525241454772695a5a746d646b384877642f63506a2f2b4c6b384877677979645257565a6e574c567a7674616b49307762535059327054506e34374b57506151664c6158554a61576735466b76577670746755626d354c75436e53555939565a5a4a3754616f396f7930666f496b464d39364261423732426c3332456a4547472b4650492f4b4c566a677537764537422f777a73414d6f44564c5a4454337a4f526d63503235316777704a2b317846334a626e556a464c462f69454d78344c746f654c68536378587835724471616577426f53737358516e6b4649676e5476646879656c7845754a72574d59346231505a724e5a50426c505673656a38575a565673744b3653424f3271334e7a59302f305670764e39735333387178764c46516d77564347752f667a374c38392f634f447637653376372b3934354f4272667a76417a6e624d4735662f624e67766e3538325768326d5a5075614d796e6d506a53624f414679647466685972316e7557316237672b384c7a556166434f6b4e6850466c756b627245466b4e45395179526e30445642746b483161756850786e5834494e51584c7a61635137696d626f43376b72774d37416a73454e45506b5461462b416d5a466d424b523146416a4d766d4751686a3363565033386b32446b513749306b6f794a675841674b5a2b754652464c67566333486b7149527172576e5172584e6e7775755456526c4a62497369374d302f5741366e51576a386669657154355a76727035355a384c4b66665557375a6c76366c5168584f75613632396d71623566333579637649482b2f7348662f6677384369655a586e744c356f333670787246723761433455362f787076735932326c73597a4d37426e4646704539517a434c755352675a616e485672474d356a4d4a43555273326f5a4a316472636930577a44475959624d7670436c754358324f6d374c49704c4a3139635a6266444d674531482f33524978717a6f4d70676b6e6b776c55304970416173486851504d586a774c2b366f466b353141777965715a54457036744c4a6f355a7274486a574a5477705256325761364863524d6852436f427067775874506c6d586b6553356d6158706e4d683366447053306f5a4c48536276317830717166663857344b2b6531307866327a6f6e70537a4c387337523064487650586e3635506566626a2f2f376d5132693432744a31362b6f706e656e326e6d52554b31747661707a66666d5136793874785457593261655351627452354a6557334476717158584d714137544f7779756634685a664b62754636436c424d6f3978446c53563136637758436d77593650372b373831785255455234476453566d6e415635337355516e4a6b4872412f2b524e306b4c4c5550715964563078537a65645042582f354148615059445144367a3161574b51584f476578314837554e387a4b65556e544e797572463964567a33336b6644654e3176566573366f734f5467346c413866507678424573662f354f713171354e323076706a342f7a73546646664452446f537856574b4b5769575a712b76372b2f2f3138386650546f4478343866506a6476663339396e7763754253792f6b446e68646f45537661387473364661687054374774427a2b6332654f38704445784b7a35645042566f70796b4c793857336f39547861436a727442426c667837657531352b67504944794264684a2f6652356f346d633836324c52664f6d444b646969445967324154665174675a5154796a30346c5a436754614f4537473848686638682b2b464e7a6670673649664c4d5375774763585150694f79467833714f31507230585a2f743631436c35653537717a415537463635316a7646347a4b50485437616b6b502b677376627735765562653145632f36776f532f2f475173324c532f665379434149627032636e507a65343865502f3876486a78392f2f2b44774d436d4b6771435a5a756c384c537937594671396331686a734b3856716a6d4e674c3172746b783563645a754947453467792b654b6b7756345431383533334c6c53736a567550377850357a68416c42585950774e71673163426e34744b374d654c75416c3536726249714754434a436841676857415952492b79555344356e7137754e754c4c4862446a6a3258503432634f516e7a2f56504879756d4f58314d456d6c3676455238785547336a644c35495637535276396f6c4339787a6457555870664d794d574e466731332f504f4d52774f65667a73326655776a6e2b7a322b732f32497a6a50536e6c305a75307332714133643364533455616875476e4c335a336633646e5a2b654842776348635645557078643344536878336e64797a702b2b39447758456338543762705958672b54394b4b656c3174574d4a7749376d39726f71426554722b784f69517950796449323869774250453943473644367462502b56796c793266646e6645766d745572646166344446452b4961722b6b70586770356a5744704f6a47552f334e443939714c6d2f6f356d6d6b69696f7432786331704f3861474c6c676a61654d686961456d546436534665445559625531785646615052534f3464484e37624f446a34395661723957555142414e5a4438663665714875374f7863616e3744494e6a6333642b2f6658683031426c504a6c687243635077464755362f2f514c416a7366484d332f666a6f582f684c664c3573685a4672586b3036475538475832356f6f6c6e676c53546f7a2b76333764465147396a6c456e7a5461327138464b2b596b3464636c716862634245774b3967544d4938692f7845302b5a3342306e77665070767a357a2b465050773935734b4d59702f554b72324265687630614a7170626f47366561754f693366442b4e49696166302f4d4430497a434c4f714b6e6c79664c79787337507a7661576c70592b327472622b7768685435586e2b326e336c4e5a76777859764c667941496f714f6a6f324138487239556f6e4f58614b4f2f54454d58424f724f6356584642584f517661394e5842523669734b7a5078443831634f513348645a576c766a2b6f305763544a4169382f713644642f436e6f463943716f466442396b4a306d74586b4a7961375a454859415a67426d416e5950374461556536537a415939655350376f7334542f347938396e7a38736d615831466d4f74366c4538627871487a67382b4631426154672f3067716c32437764433144474c6d4d326d2b75446734507257317462746a59324e6c6a466d5670626c6138454944584279637649366f667252614f547942746d6738524f2b456544353539634a396e55612b6970425464527a4449576e4b6d45385578774d4577366d3178695939316a564168336b344374383852534b3354705056573245366f42734e616e4e496d4f6f417065446e654c73444f3871704b675157754c554e564932325a743165584c346b4e316a797a69746831624f6c772b2b56526c764d572b2f49504b644c773975424667585370724d59663437786869794c4574476f31462f4e427131776a413864582b764665706b4f72333066536d6c386a524e4d324e4d7666357a4c74446d5462725861656235344d6735336d586c594a30483171513259304d6d5a6f73525079494c2b79547847466b3978686250386534595841464349465741494467547168426e4f616f7a654765787675486f7865756f34435a47585348566b70507935357a4d7868526d6770516a704852494965745a544f3951786e554c516a6f7631415945714c2b657234395a674157464542686a5a4a716d656a6763786b4551534f64657677394f4132525a396a706f734d727a764b7a4b306c7472525656564c356c524d34397946334e51357a444e76356d36686c6962363766513073586f305a674b37777a344175634d5261564a7a5271357645326c4c594956437456484d41412f426771456e652b646b67767830534b5053574d625a6d4767622b4344657852326a5a794d7a4f78536c417272444d4b58654763786c63645a2b55366c6558384f634c44576f7256474e5647787378616c46464a72704b7868786e6e514a49544157757679504c65547959516f6972375732756b3559502f616b4d4a617632672b335a73387a306538546337324c6b4b64593858653134517959564f386d57464d5265373643486d50496c7842754c784f6161684877496d58476b444f556171467873735137794f7358695a6769637142645350774579513541744f346c646f6b66687463693058724a685a397147673258514a2b77563832393978373736317a726842434f506b313745494e304736334c3330505573704d434646555653586d6d696b62554871756d6563316465344c58744c556379626f375454565949796830326d7a744e536a31553449744d5237676655424547436c6171432b71766162347656433959316742526f725777676659563042534f496f6f4e6672734c7263783976362f516442384e71493830302f6a355153705654396c4c4b6579362f3153356f71467a513143414b363361376f64446f32535a4a63612f316d6d7271307448523573434c6c4a49716963654e66685733413659744d37714a517a7776376d7772564f55657231574a39665a312b7630635542516a6838613571716a4b4e6f4f515a4d64567a4366677752356d613568766e6d7755497274356133473631574674644955396e42454741633537674c6361646635315135302f566f45793645665369554f632f7237576d332b2b727061576c6f7476745a724a68526e79745436303552356471367442372f79534f342f746c576435307a6b6b68524771744666614374475a52714f35636b50537535737159657246756b695330576933715965477133734857394d2f5565472f54555836614a346b4c5141642f726a6c6b6a6a3358497a4f6b6843414d366d75313278544e6f417839666f6e434f7a34576858717174584d42767978554b59525153696d564a4d6d544b4972326f6969716c464a6665792b2f2b514c73587a332b786a336b7232374272345436713865766850717278362b452b71764872345436713866466a2f2f2f414b4276666b6c42666b41644141414141456c46546b5375516d4343, 'image/png');
INSERT INTO `questions` (`id`, `title`, `category`, `user_subject`, `id_author`, `pseudo_author`, `publication_date`, `category_id`, `image_data`, `image_mime`) VALUES
(35, 'Je teste l\'envoix d\'image', 'Costume', 'J&#039;ai un joli costume :)<br />\r\nJe l&#039;ai eu sur le site https://img.kwcdn.com/product/open/2023-07-23/1690108076417-1bd123764028481da3cb4ae44a4e19e0-goods.jpeg?imageView2/2/w/800/q/70', 58, 'tinto', '2024-02-05 10:35:31', 0, 0x2f396a2f34514269525868705a674141545530414b674141414167414251455341414d41414141424141454141414561414155414141414241414141536745624141554141414142414141415567456f41414d4141414142414149414141495441414d414141414241414541414141414141414141414249414141414151414141456741414141422f3973415177414b427763494277594b4341674943776f4b437734594541344e445134644652595247434d664a535169487949684a6973334c7959704e436b68496a42424d5451354f7a342b5069557552456c4450456733505434372f3973415177454b4377734f44513463454241634f7967694b4473374f7a73374f7a73374f7a73374f7a73374f7a73374f7a73374f7a73374f7a73374f7a73374f7a73374f7a73374f7a73374f7a73374f7a73374f7a73374f7a73372f3841414551674449414d67417745694141495241514d5241662f45414277414151414341674d424141414141414141414141414141414241674d484241554743502f4541464151414145444177494542414d4642674947427763444251454141674d4542524547495163534d55455455574678496a4b4246454b526f624556497a4e53597346793052596b4e454e6a3453556d4e6c4e6b6335495864494b556f724c7756594f54524653457776482f7841415a415145424151454241514141414141414141414141414141415149444241582f784141684551454241414943416749444151414141414141414141414151495241794545456a464245794a524d762f61414177444151414345514d5241443841334d694967496949434969416949674969494349694169496749694943496941694967496949434969416949674969494349694169496749694943496941694967496949434969416949674969494349694169496749694943496941694967496949434969416949676845524152464469423351536f79757575562b74566f6a4d6c7772344b5a6f482b38654166773672774e35343232696c63364b31556b31613448484f373447663830473046523732526a4c6e426f48556b72352f7566475455395953326c6442524e492b347a6d492b70586b712f5574367562692b757574584e7a64515a53422b4177453050707572314c5a61413471727053784879644b4d726f617669766f2b6b447333515445487045777550364c3576636559354f536655355562494e373166485054304f314e52313151542f41456876366c645655386532394b53775050724c4f422b514330386f5162536d3438586877506757616b6a2f414d636a6e66354c68753434616e6438744c51742f7744674a2f7574636f714e67503431367464386f6f6d2b766735782b61782f2b326657522f3339482f38414c686544776d454777492b4e65726d2f4e3969663777342f51726b77386374535275426c6f6147567663414f6166315774746b796732395363656e6c772b3232484148654766663843463643333862644d565a44617074545275502f41486b664d4239517441467978754f364436737465736242655347304631703558486f336d773738437538474d6456386452506379527059357a584137467077523956734c545045652f3249736a6e6d6458556f334d63787934443064312f4651665165564b363279586d6b767473687546464a7a78544449387765345071463253416949676c45524152455145524542455241524551455245424552415245514552454245524152455145524542455241524551455245424552415245514552454245524152455145554b4351676c4d7272726e6672565a342f45754e664254442b7434422f42644137696e6f316b6e4b627a47636477787848364950594975697432744e4e33535152306435705a586e6f336e4150344664343132647833515752526c45456f69494349694169496749694943496941694967496949434969416949674969494349694169496749694949524550524267714b6d4b6d67664e4e49324f4e67356e4f6363414431576e745a385970586c3944707a3447354c5856547875663841435037726838594e61543164306b302f52546c744c546e4652794835332f796e485965586d74576c2b536735645858315666554f6e724b6d536f6c63636c306a695375506e4b7143724b716a664362715551517052454246435a5153696a49554677434363706b42554c74314263554679344b726e685679536f5143636f4153634463724a464336562b476a4b374f6d6f6d52414f6475342b61444453554a787a5036726e636f614d4c49634e615146547167325a776275557254634c6553544647356b6a526e706e59345733476e4c51567054684731777531796b48792b47787631797430785a3542374b49794969494a52455145524542455241524551455245424552415245514552454245524152455145524542455241524551455245424552415245514552454245524152526c4d6f4a55486f6f4a586e645936766f744b577439524d384f6e635033555764334642797451366f746d6d614a3154635a777a2b56674f584f3967744c366c3477587138506644615161476d36637a5438546837396c343639333234616c75543679766c63386b2f43334f7a5235414c68686741514a5450567947616f6c6b6c656479586e4a574a38514241786a4b7a417561447571764a63476f4d4a62794f484a6b4562676a73765561613469366830334b305231636c54543533676d63535070354c7a4d6a7375325663456f507076523275376271326b61596e694771412b4f4678334239504e656f42783158794a623768563269735a5755557a6f70597a6b45466652504437585547724c6149356947563051773968507a65714432674f564b71464b4355524542455241524551455245424552415245514552454245524152455145524542455241524551517542664b6c394859362b716978346b4e4e4a49306e7351306b666d7565755057784d6e7070495a473830636a537834387752672f71672b5361746b727356456b686c4d7678756334354a4a334f5437726839313657345541746c3272625735776b625331443467377a414f33354c7270726378784c6f7a6a30565631594a4373486c5a4a4b57535071334b776b456455462b64547a2b71786f67767a707a2b716f694335657138783831436b4e506b55446d4b6a4f566b62444b376f77724b32686c643147454847566d7363376f43563245644347664e68797a7459476a595a39454857736f355839734c6c7857317657512f514c6d4e446a354257356364547567724847324e764b78764b46634254737047436771526e596e597158446c4741724863597773556e4d3842724d6c7a7a796764386e5a427450684e516c6c6d6657467539564d546e3062734674574d596141764c6154747262666136536b614d654445317039385a503572315947416f69555245456f69494349694169496749694943496941694967496949434969416949674969494349694169496749694943496941694967496949434969416949676a434973633838564e412b6556345a48473075633439414167367a55756f6154544e6e6d754e5734595950675a6e64353867766d6a55656f71375656336b72617435775438444f7a572b533776694c726166566c346642432f467670335969614e75592b61386931764a3143444b4f55644e6c42472f56414d37717943434d6855634d41425856486f4b466d365941544765366762643045344236726c326938566467756b5666525346736b5a7a6a73665172686c324652787a6c42395436503152546172736356664351325166444c486e646a6c333458792f6f5057452b6b4c37484f584f645254454e715977656f382f636456394e557452465655386452413850696c61484d63447351526b494d794970515170524542455241524551455245424552415245514552454245524152455145524542455241574f583543635a777271722f414a43672b634e6130736c4c726538736b61576839515a575a36454f475156303742737430362b30685358363179562f696d6e72714a704c5a513075446d6a63746342755236396c707171704b6933544d6971342f434d6a655a6a6763736b4237746430495656546c613772757354364f4a2b3561466b42476362672b5247464c585a32365951634e3174687942676a3672472b335267374f495859673878493867734c397a6b484b446866594764336b717a4c664765784b35624979377373674c576767494f4d4b4b4a682b584b794e675942737742584c7a32435a51515734474171396c5971446842476364464f63685650776b5a327a3055736136535a734d6248506c65634e5931704c69543541626f4c676764696577414753543542624530746f4b6a696e6f4a645478463031774c6854304a4f4d4144504d37486648627375303465635048304d6a627a66494d5649502b72307a742f442f7150395870325874377470366d75316451567279493669686d456a4a414e2b587135766f447476756730397844306a48706536787955514c6147722b526d632b4734626c7673764b743646625134325654425457716b7a385a6d644c39414d6633577241375a42647a69415146322b6a4c553637616b6879306d436c784e4e394d386f2b702f526447346b2b65467376685662336967716178374d4e71707747487a6177597a2b4a4b445a397268355977534e2b71374a596165506b6a437a4b494969494a524551455245424552415245514552454245524152455145524542455241524551455245424552415245514552454245524152455145524542526c536f515153434d6561303578673132526e5474746c362f375449302f774430374c593273395252365a30355533427a6834676279784e506478364c356766504a58566374584f38756c6c6558754a4f6479636f4b4d6a4457673734506231554871737a76557243657144493335564f5641364b4f593551577971534b79682f5242694932554b43635341646c4a376f4b6b355162484b494e30446c362b713348775a31713534647036766d7947444e4d3578376679725432466b6f6179613233434b7270336c736b547734454843443741434c70644a582b4c55656e716134526b637a3234654d394844717536515369496749694943496941694967496949434969416949674969494349694169496749694949554f364b554b446f4c72636a615a49355a4965656a6b6679314477643467656a7364786e72354c4854365773386c6f646236696e6a72714f53523073624a6d68776a3574384e50596557504e55317454535361667170595034394f33786d413948467535424863455a424338357776315379363030314131736a42482b385978783568483574423873394d7171344f704f47566a674c4b5730795655465a554e652b43496e6d684a614d344f666c423931306b504344557232746561713274424838376a6a3841746f2f3651574f357731464936755a47345a696c6a65377733737a74333348757578746c76707256515255644d5a5043696268706b65584872755365364456482f7368754d45547036793955635554526c7a67776e3956303971346258692b787a54303162516546473874475a69386e485435656d66566569347561696b6456553169686e4c494f5878616e6c4f35476341663377754c777971493748724735324b53566f624b78706a6364673467416a627a7755486e4b7651327161474e377062524b3572446775696348672b6f414f634c7a306a4878504c4a593378764856726d6b454c3659716f6855306b30496c64473656685a7a743674794f6f396c344e6b4f704c45445253576f5878683367724773627a415a36535a36652f6f6731447a447a50344b51344f63414d6b6e70796a4b2b6a594b476b6c704976746c756f7a4e7944785149515768324e774e756d56646c4451516b65465155736544393246756630516650644e614c725775356161325663782f70694f363753485246374f48316a494b42684944544e4c6c7a6a354272636b6e30572b325378674462474e746868644661644e73704c6c55584f746c2b31316b6a6949584f4747553750355744746e756571447a46703450304261326534334b6f6e4c786b78784d384c493869657139725a644d3250547750374d7473464f2f47444b426c35487134372f544b374c504c486c7a32676479546742654d3146716d534334535574483466687774426b6e6e647951734a3965726a364242362b653430394f787a334f794739533164585974527476565a58537773623968706d41476f422b4576334a6130397742676b2b657931566464533232736e354b757372727a4d397761796e672f64515a4f774141334f36395a343137625934724f32774f747355723434334f6138434e72486b5a4463626c324d357a366f4f6d346733677932755771637a4574336549616650334b5a707a6e2f346a7637595775326a412f3572322f4670342f307070364a6a6557476c7057686a527342757645354b44464f3874686538416a6c4136484236396c39463243325155454d644c544d35594941493478354e485436397a366b7235316578736a5378325148625a433374773731582f70485279737151316c64544543594e324477656a7750496e4f66496f50634e474268536f7a354b5645455245456f6949434969416949674969494349694169496749694943496941694967496949434969416949674969494349694169496749694943496941716b7153756c315865593744703272726e754163324d6867387a6a5a42706e6a4c71513354554462584249545430677734413746363845786f613059472b46457337362b736c7135336c306b6a7934353956636c42516b716a757176335538725431514275334371416339466472634b635951523233574a37316435777344694d6f496b47375370626b3956647742774d373456534f564e694345434b514545716a7874374b2b4550516f4e6d384539536d6b75736c6c6e662b3671427a52354f7764354c6577587942624b365731334f4374686468384c7734666976717a5431326976566b70612b4a77496c594363646a6a644232616c517051455245424552415245514552454245524152455145524542455241524551455245454969494f4c57784d6d6763782b43306767673978354c5156747563326774665654487464396d5a4d356b73592b3945546b4565792b684a426c6879744938596256396d76314a63324d3271492f44666a2b5a7654386971725964645a7242634442716161434f55515247555367624f626a4f534f2b4d4c6d3369726d667065746e6f4a41587570487951794d4f5238755152394f6938316f476c7546783456795562616a77704b686b73644f39782b527079426e472b4632723675665473656e4e50544d456a4b794a31484e564d48384e37597879344236354f657659494e43747546532b55566b73706c7148486d4d6b6e78456e3179716d75714457477438655156504e7a2b4b44766e7a587062356f61726f72703967612b4b4f716553574e6343324f6f47646e4d634d6748666470786a735372586a515564706b7036543973784d75456a413538465447376c65543135484d424a41365949516476706669704e52784e704c38487a786a5a74537a3568376a75746c322b353074326f497132686c625042494d7463337a4858506c757442437a5277317261617475394c54484f434934705a4a505a7265555a506f5346756a524d5032657a436b69746b3944525134464f6167636b6b32636c7a334e333564385979636e50545a42794c3542653548517a576d70695935675050464d446954503841554f69364b4c58623762572f73335556412b6a71774d74634d75624a366a485665344562526b4141727931327556585a64554d6656556b736c727148524d696e5978723277764f5151636e4c636e485242326c737649754d67384b67713434794d6957534974622b4a332f4a5a376a65364731786d577071477444526e47646837727369376c446a6a504b4475546e6f4d39563831334f39316c3971704b6d726d65356a337563794c50777333324745487364523853366d344638467377324d3743556a62364476377278645255314e63384f724b6953596a6f48754f4239466962766b6a7032562b7535515a4b4f70645158436c726d4d613830737a4a67303944796e4f5079572f6446616b6a315a5933316a6f2b523045356a63312b35613441484f6671766e776745343667396c756e685241592b4854334670593665615a7763526a50594566683139454776654939784679316e504f78686245324d5278754a2b63416e4a3973727a44546b4c764e5830663253766f506a3576466f49334866754d6a3831306a4d59434151634c30334465726c704e64304c574f49624f79534f526f4f7a687935483446656250737653634f5877445730416d424c335150464f54743866662f36632f6b672b6759483838594b79726a55684168472f5a636c52424552424b4969416949674969494349694169496749694943496941694967496949434969416949674969494349694169496749694943496941694b45444b3031787631482f4173634c787638636f422f414c6239564f796d705a5a336b42736243346b2b692b564e535864393931485631306d666a6b504b436334414b4467784e77504a586364735a526e5464513747636e736778354c65716b537449367246504b443849364c474e6b484b456e6b6f4d6a6964686c596d5a376272736264542b504b47753239316e4c4c316d336667347679352b7268454f64324b78484f546b644636473557396c4d77594f54313258534f413734333257634d2f6431386e7872775753734a4a44672f30516c7a6a6c574f4366514c7437626247315453346b4433567a793957504838653832576f366263645659485a632b355562615a2f4b4344374c717963485a58484c3237546e3462785a65745a742f4e436368593276374b2b56703531586a4b335a775131454a71436179797648504365614d453734576c4363396c336d6962322b7736726f7174756556306759385a36676e43443670436c593470477978746b595157754751523357524152455145524542455241524551455245424552415245514552454245524152455151694967676a4958684f4b6c6d6463394a31456b54535a615169646d4f7041366a38463774635334557a61696d6b696530466a326c726766496a425161663050716f697a554641396a346e572b724246514d3868696475344f3967523158746871474337367a746c4a52564d44364a6b557a69357a513479544e4941614364326b4e4c694844714351744f5352334454562b75564654746c65496d79527973614476453445456e324236723356754e7331582f414b4c5155444451756248554e65364635592b4638544738725235676c334e76327a367171392f64364767754656516c3151494b794b517955736a636332337a44314247784379797a7769714e4f32566f6d444f637337347a6a50746c61386a2f774249725a5430647a785458436143736e70544551572b4449393547632b57642f546d5757343132704c4a716133314658514d71616d656d66417755687948754a42414f656d4548736175325531645830566455416d61336c7a345354734352766e7a584b677149366d466b304d7a5a5935426c6a7763676a33586b356462316c6f6e6a6776746f6d707035514447364d654932512b517831506f756b7432706d5743736d73394242554f62566b506f6157567044344a5353484d4f66756e49495059416f4e68555633706131315332476346314b38787a4e377449584c7036696e71345753785061396a7568433174557a334b77586961716e73355a50657732427a597051364a7a2f50493645726d54326d39615774634e545331384432736b62472b6c61307461336d63414d4f366e63376f4f366f7451316e2b6e46586136366e4d5649396e2b71766d4a48696b44634e37456456727a582b695761616379345545686b7430372b51734a484e413437744871303734396c36725546566462664c52513353756f4b6473723346737a5353595347357941652f59466131766c3671727858792b4a5779564e4979512b446b636f634f6763514f2b7944674e4f7973546a717139764d345175794f2f70366f4b5463376d4673625335372f41495767645354734146394c3232306d33365770725641574d6644534e684c674d446d3563453439535366717457615330562b7a716930333638446b44356757527632414a4f47416a7553546e3077746b56327136536b7037704f4d2b46623467353068364f655153476a3141782b4951615a34672b457a567a364b6e496448513030565074324c5276384171764f67484156353669617571703632636b793155686c6554356b3577716b2b585641635142366f78376f3532537365364e3748637a48744f43772b59574e725339325473466b65426a5a42752f68317263616970585556613572626a546a34736637317638772f757664676772356474647a714c4e654b613555727932576e6548455a2b5964776654432b6c725857523139444456526b46737a4138454873526c52484e5245515369496749694943496941694967496949434969416949674969494349694169496749694943496941694967496949434969416949674b43634b56556f504363584c372b794e4879774d63577a565a456253447542334b2b6434326b484a3672333347432f6d3736724e7568642b366f68796b5a324c6a31586848467354646a6b68424c336867363772412b5575554f63584864565153426b39567a374e52525631796a705a546a78446748794b36384864647270325877723554764f3444753673485a586a5264327330764d324230384a33446d444f7936706b7338447434587450634670433352623955306a36316c484d5977652f506a433779617a322b5755564a70344874386777454a635a5858444f386433487a2f4a553164534f526b636a696567414b376977614276476f4a436552744e45775a65352b32423572633466615971686b45464a542b4b2f6234574134586e396536675a7057797670615942745857676a62734433556d456e7731796332584c64354e663237524e50664b327174317275445856564c6b2f454e6e676553344652614c7659716f3038304475626f4f586346594e4b5832577736676872477579325138736d4f344a573437375452665a47562f4a34706b6143426a706b5a567545792b546935727858636156713653766c4a664a4338447a7775706b6157504c547351746958576f4471647a3274415a3342374c583957345071586b644d71657378366a504c79336b793357454b776356554a3352795a4d6b71704a613445484248516851647569645275672b6c2b46312b4e3830644135357a4c5448775a4d6e66494856657957672b4346382b78616a6e7463727a34645a486c6a65334f502b533334446c424b49694169496749694943496941694967496949434969416949674969494349694345524542556b627a4e77727145486964516152687539584a5630306870626947466f6d614d746b59526774654f344b312f465356566c314442644b646f7036326971332f4147756b7a68726d694c6e6335766f344677485934486b74773353654b33734e624d344d696a2b636b3441424f4f7631586c4f494646524d624858474178546d422b613968414c5741746135684232646c6a336b663444394b7279394266376b392b71364b43337a33436c385a395179534d596445346e4979443744707673755a634f496c6e7132616371327a6b545256584e55786b62782f446735394d6c646e59716b322b3831744c58772b484b2b6c2b7a7931584a794d714a57416c727655755a672b2b517344364b78335868556171616d677842413868776141356a32755066726b2f33516372567571624a53566c6e592b70696b6332745a4d584e4949597741354f6671764e38514e5a5731316461704c4f2b476f71714f7046532b6f6267674e4177473833726b37656979366a3076706d44524564386f61426a4852527853736434682f65676b5a6134485971654956677363656d366573704b656c6f3675536149516545304e44673445754473645767594f657944743962366b704c64535763636e6a5356465446554d614e79474135794233386c316d74727664727858572b7a3232335645545a70524d485452474d4f35447a5a4a5062755373643646717451744d4650472b36334a70686b645652744c784847776a5a72514479747874332b71374b7171377a7247373072374a7a3056485346346b7270346a687749775131704f5848384167384c50624b335564776775463875315054306c54504a434a6e5042455a5a31414232337873567770624b4a375661354c5253584372724a32764e5747774f4c476b4538764b635947793239614f4831687452447843617951486d35367338344c696479472f4b506f467a645274764530454e6f736a485253315a784a566e5a6c4c454475665678364144313946526f6568743977754d373665696f70716d6150504f794e6d537a48586d386c7344686c6f70746255473833536e5068524f3561654a2f774235774f37694f3442324332505a644c572b7832743944544e65544d435a353348456b726a31635439537573314c71437a614b73496f79307563597a484253786e443365705059655a554843315463714f3550683857734e48614c624f5831465531334c346a774342477739794d6e4a43316e7166566364326a62627258544769744d5469524839365a32666d63756f75393572727a554e6b713374456359355961646d30635138674f35395678474d2b484a337a317a315154676e4a364b587a446b445744644862393169492b4c4c6335386b47526a54676b395431567941426a50565635786a386946426468764d63354f77486d554648676d6262706862783455584d31756a36614e377758303733516b5a374137666b74494f474267357a6a71746f38476e6b554e78626e6237534d662b6b494e7541374b56566879304b79694a52455145524542455241524551455245424552415245514552454245524152455145524542455241524551455245424552415245514630327162354670375439566370546a773266434d395848594264777465636161656f6e30515851676c6b637a5853416557554767712b756d72362b65736d63585354764c795436726a44667167436e474545594b67713244354b70366f4a4858594c6b3238347545427a6a34786b726a74326372784f4563374876364135516478714b567637587a5450657a44426b35366c647a7062583133746c5848527a794f71716556776157753349486f7650584b4b51636c5a3830637577506b7157757646737573466559327a434a326552335172555676326c74305650574372676141325675546e7143563147744e4844557a71616f6a6b5069527535546b2f6437726a325856427663504e5153527366387a34796478743043374f47365847437070596e776c3748744c6e48794b73485658446866617a4853436b595753786b4637733746647463587a4e702f736a5746706a61413350513457536f7272753263797765455335676434626c3562553938726165523074524e4845304d2b414d505534566f386c7247352b44494b4f454270492b4d6a6f76476b354a584a726179537471485453456b6b6c63593956696f4e556e5a794e36496571676b394537494e777047344b4473744d334e396e314851567a485938475a7050746e422f4a66574d4d725a6f5753734f57766148412b2b362b4f736b4f4744676866552b67717961743054613535386d517741456e766a5a42364e46436c41524551455245424552415245514552454245524152455145524542455242434969416f4a77464b6878414736445766476d394f704c464261595838736c63346c2f384167622f6d634c6d615a72344e573646743958587635704c6449444d54385878527449646b642b5a68492b71312f7741563769626872695749484d644845324e752f66716631562b45756f2f325a715a39716e6b4170626b304e77376f4a515068503147522b486b71725a6c7a30384c70617230396a6f36686c775a484a5374594d6c6f6130637550583258527936666d716231485a6e756442624b2b426c58557759492b4e67414c4152304232797664327933737431504a44484c492b4e3072704742782f6838787a796a794137426369554e4473344f65784856427247713033465558477130314c577662594c644639736b6a41504d33494a35413775426a4b76614c61786d6a716d385855793173306c484979467277637877415961414f786468704a36374c594c3273356e4578676c342b496b4466333831554d6a787939426a59594741504a4234794b775664733054523064696149712b704d496e71476e6e77446a4a356a3241366553394c5a7252425a72664852514f65397243584f6338354c336e6375507573396656693232796573455a65796e6a4c7556674753414f6743576d765a654c585333476e41384f706a44323550545055494f5777623479476a4232585333445764707464346c744d6b7064555151654b3973626559395141305936754f6569356439714c705457787773314b4a363251386b51634279734a2b38346e7346344b35336d3361427050737341687557705a73766e7158744469313775726965774851424236432b36396b30395952505830776a7564535361656944737561306e597638736456706134334b727646776c7236365a3031524b64796567485944794156617975724c6e5753566c64554f714b6951356339357a394235425932746131704a51474e4133557563716c32366a346e485949426353634b34486b6a5973664534347835374c444a567361376c694265373036494d6a79324963376e597832376c59774863776e6e2b454435492b2b2f6371474578677a54414f6b4a774d3947714763372b5a37386c7a683878515a7433456c6254344f4d417456592f753671334873417457446d44504e6252344f54776d68724b586e486a736e35334d3738704177554733476649465a5659637447465a52456f69494349694169496749694943496941694967496949434969416949674969494349694169496749694943496941694967496949433474776f6f4c6a517a556c51304f6a6c627975424335537151672b55395736646e307a71436f7438725865474845784f492b5a7136594431583072784430564871327a6e77734d7259426d4a324f766f563834313148553232736b704b714d7879786e446d6b494d42574d37484b6b75796f4b43523156336443717447366b353332516437707136556b56523969757a50466f70746a6e376838777537712b4774663477714b475a7374766b4f57794473302b6138494356374c5348454374302b445354447836562b4279754f65566169765230656758324a374c6f4a704446474f59765a317a3764316c686776745856527a7475347068794f44584f41792f36646c36323133706c316f76744d4c51574562744232567062625331564f7a41424f64354f6842386c715565586e746c79654255335855484d2b4f4974624847304e7a2b433848644b53615a386356524e4934676e446e644d46625575566f6f34427953764c6e7347526b72586d70613573736a6e4e49627962424b504f317475686f573545776b4a48344c712b36764c4d2b56354c334571674756696f7342674b722b716e505a486456424c646c4f4d66565144674c6e326531564e3975554e75704767797975786b6e4143436c707464546572704251556362704a706e6759614d34486d767132783231746f73744a62326e497034677a506d6362727a6567754874466f2b6c4d7269326f7545672b4f666c78676551475468657a434170554b5542455241524551455245424552415245514552454245524152455145524545496949437049634d4a7a6a5a585747704a4544736465552f6f672b594e52316271752f334b715057536f662b414f463031504b356c527a73635750473758413767673542423764467a6269584757706365706d666e38537573595332546d415656394e6150315a54616d733863385a44616d4e6f625577673773643534386a31797534664d345a4933387346664c3976724b7933314c4b6d6b714a61655676797952504c58442f41442b7132425138573768485a4b716d726f327a33486c78537a4d5941306e75586a706b666d6732792b5a376a757878575078434841426a742f4d7278746b346c574773746c4f626e57696b727342737a4330344c764d4562594b39413639326c6c4b61763970307868417958756b474d66726c427a726851775853686b6f366f503841416b3265316a79306b655752325747795639734e4a55556c7363794b6c74722f414148747a68735a472f553975753638427166697043786a36545477385a354748566b6f7731702f7062335071567270393271333054364c37524932435751797974424f5a586e75377a396b477a39593855343252795737547a784a49515779566e5a766d47655a3956717833504a49365352376e7665655a7a6e484a4a376b724532526f474d45593644474663536764696779745a7430556c685058594c4336724452674c6a7956726e484453673562335252444c3341653634306c7a44473873544d2b705846633257563251334a5063724c48537362385572675435494d626e31465963754a497a394679495932514442494c6a2b53724a4d51336c6a7741504a524177766b446a76376f4f59376e414235734164734b506935526c78504d6467736a686e622f77444d4c477a34354f5962687577515a4473426764463246687655326e623154334b44504c4734654b332b614d39515677736767685953535351526e2b3644366a74315a4657306b565243344f6a6c59484d4937676a4b356d567233684a6358314f6a3459336b6b77537669424a7a6b44424836725951364252456f69494349694169496749694943496941694967496949434969416949674969494349694169496749694943496941694967496f57437171344b4b423039544b324b4e6779584f4f4547636e4856597169716770597a4a55544d69622f4d343443313371506a4e5a7263783056737a57546a59454434515670322f6178766d6f35335072363254777963694a7077306652427653383856394e5765762b78766e644f34664d364963774831577165492b7262487171654f5332306a6d547450785375474f5a65467753647a6e5063717741477736494b6d496a756f354372744a4232364b776551636456526a6143464c7a73722b494f6e4b6f4467343768426835536d64316d4c774e67315267487145486f4e4a3675714e4f3151447936536c6473365050364c62756d37356274515534665154746a633132585276494243304634546a3037724c54543164473875703558784f4f784c54684e6a3358454c566338656f7071536c654f534a764b584e505572774531564e554f4c70486b6b713076504a4b5a5a704339376a6c784f354b7068684f79676f4146494143735734374b417a756467677142766c48484a55686f4a324b637545444257536e715a714f6473394c4b364b5670326330344956646a68515235495064576a6939715732746248504d327259442f7642762b4b325470766a425a6276797731332b705337627650776b723538356348425559494f5548324654566346584532576e6d5a4b787779484e4f5173325638726164317265744e564458556c5849364948346f58484c5346752f535046477a3669384f6d6e6638415a61783233493759452b6851653655716f4f52317970515369496749694943496941694967496949434969416949674969494952455146697150344a774d374c4b73636f797a4344356275384268756c665476615157564477516664644e6a4438416446376e6952616e3276577453344e7846574e457a44324a4f782f4e654f6c6877376d4371724d4935643162494f434d637737716b5a5a6e42474d4c49533064416770317948444f3251464c596d63764e796a32527a2b6d415151736a526c6a6835626f4d627868704b7751536a4a44766f7551385a6a58456178326334516369557542615163673956556c35364b47456877616568562b56352b396a423642426a454266753434563273696a3666457035514f70565338445941494c387878734f554c453978554632547373676a356d6c7a74686a7567774d484d3741584e706d63765663536b61585459375a585a745a6734386b465a6e466b6638415537594b676332474c63376e5a6f3831456d5a4a2b596e416a48303931784879654c4a7a44496133355038414e427a6753484e38756e31574a37737963766d5656745144687042626e713731574e7a6e42354f4354304836494e326349346e5136595934394a5a337648746e48396c737876514c782b694c634b437955564f426a6b694766636a4a2f566578477743694a5245514552454245524152455145524542455241524551455245424552415245514552454245524152455145524542517055494f67316671756a306c614856745438547a7446474f7269766e7a557574373571696f63367071444841536557474d3441483931367a6a6c635a4a4c395330484d66446a5a7a467671567258776751435859774e6b474c6b61302f45637165527a7a7430575877326a7238537153656732436f727934324b6a325675556c56634f58703151546855473769504a546a34647a75706143305a5156487a4654483835554464784b6c67772f5a42666d44584b444a2f53715344315651434231515a524a39454d7552315749394d3555456267447567754a54355a43673464364950684b71345a4b444b4737624653426b59574d4568703356347a334b43686a633035374b4f59487173783336716a6f77656943755268416f4c63644e30424947345158554b4f623055633643775a314b527950686b624a473873653035446763454b4776636467464c7346765464423942634939587a616773306c485853683956536e4765376d396c735266502f41415071764231624e43663939426a48736638416d766f414b43555245424552415245514552454245524152455145524542455242434969416f49794d4b554b44582f4537545437315a7674464e4758566c486c385148563766764e2f75466f336e613759374879505666564e54435a476643506948512b71302f726e68303539524e63374f7a3936346c30314d4e75592f7a4d505148726b4b71316f5951546b4b5130445939564758787663787a53484d4f484e634d45456469465a6f61385a4233386b4665565333494f2f7356626b5063345546704278324b434467467a66717363706147454459345752774a61434e794e69734e514f2f6d6774466957455a366851352f4c37724643387336644664774c743046484f4a32434e6a63345a5052533473594d7663505a596e7a766c2b466f35572b53444d4a493474674f643370304368315358734c533359394d6463724779456e727375544647316879647a324b444c5352434b4d456a34694d6e305759793867794e334f36657177475535786a506b42314b744778334d58764f58487165325052424c6d35694c6337487236726a5059474441376446795876614e674e6773457253647830515973664733723158633661747875327071536e492b487865642f6c7974335855516a6d6b486f4d37725958436932654e5656647863335a7549574831366c42754b3078636b54546a41374c74683058476f347553426f386c79564553694967496949434969416949674969494349694169496749694943496941694967496949434969416949674969494367715652353557452b5179672b622b4c466332733133554e472f67674d2b71386d773763702b693750574d2f326e57647a6c427a6d6479366878773446555a6a685563464a4f325649494951596934396c44576b2f45355a4868726431694c334f7930445a41634f6335436b374e49515a4856486e4151556a3379724e475835534d5959546a736f694f5846416c5652305670646c44546e6c515165696c773343534442436c3355657943705665367959324b6f4e79676b39437274326146516a445659664967795a555a436875366445456a4864564942556f676f57684f55465749796f4151414d4a32556f55487075475655366c31376269446750655748317943767035664a326c4a2f73757137624e6e484c4f3366367236775951356a54356a4b67736949674969494349694169496749694943496941694967496949495245514552454559794d4c6956564932594545626b5979467a45516134316a6f6d6a756c4c4e5547446c71324d4a5a4b77596353427344356861514751636e3458647836723674716f57795275793349787636723570316661335754566c665363764c48346e69522b7258626856585643512b616e4a4f335a597a6a475342377177797a63494d6a65343877754c4f647750525a77385a79736372326c7749626b67494d62473547543052306d4e6d62657168305a2b5a33344c4230356d75363951554669316e4e6c37382b36794d66454f6d363477626e643277575a6b54706341624e51574e546b346a5953566c614a58444c69476a76736a5778776631487956684d35784944632b51515a496d6a4757444f65704b744a4d316735576e66437867545032474742576254526735652f6d64376f4d6247756c396c795247316f416366544b734341334463414b6a68384979647571444445772b4a4c674538783557343735572b6443575557717930744b576372327435354435754f355776644236564e6456523361716a2f6378757a417833333344377839422b61335a61365877596763645548597361417742575246455369496749694943496941694967496949434969416949674969494349694169496749694943496941694967496949433431664949714365513947787550354c6b72727238385232477463653044763051664b6c796c2b303371726d7a3830726a2b617779444c4d3931556e4e5449664e782f565864764763646c524562397346586b2b45676a6f566747793542496330456f4d4f4338713441614f67796d5232564845754f41676b456c2b2f52556c504d3741374b35484b3156415157614d52716b51334b79485a697878664d55435a5130664b706c554d37494a6c3668443148736f6c36685365337367646a36716a523857465a767a4b47664d5543545959557433596f6c386c4c506b515862736833554253674969494954436c454559554653564856426b6f332b466361642b6363736a542b612b75364a2f69554e4f2f77446d69616679432b507765575a68386943767261777a696f7356464a35774d2f3841744367374646436c415245514552454245524152455145524542455241524551516949674969494349694372774330673931702f6a4a5a2b5555643461776b4e50675375486b6432352b755675456a505a64487165797758757a564e42554e42624d776748473758646a39437172356c48776b672f4b52756d6643614d6e4c4430634f793556646236693158436169716d466b304a4c534433386950517269744741357275683765534344494d5a7753434d3946517973395173764d786a5130354f465179772b52515933764478314f505a592f444c39673034387973786e61506c5956583751374f634159515745556359356e6b48437136596e34576e6c486e3356484f644937665a52792b61433753774f7a67754b7548764f77484b50514b6a574c4d775951417a6d472b53666441776832784f466b4866666f7562627252634c732f6b6f6152387565722b6a52377551634d456a4a50796a71664a656d3070704f652b797831645550446f4163676444506737686f38764d7230656e2b48645041356b397841713568672b486a3930302b33336a37374c5a4e42616948435234424a41485462413644324859494b57653173686a594778687257414e61316f7747676441765178744457347868524643324e6f47417369694349694355524542455241524551455245424552415245514552454245524152455146436c5961696f5a5478475351346133715547584b4c7a46627265686f366c7366493537443165423058477532753449593243676234726e395365794432475579745848576439696b4d35355852396554485a656f303772656a765478547a44774b6a4879753242396b4871564b6a4f79494a52455146304774366730326b626849502b36492f4a642b76466357616831506f4b744c44677549622b4b4435746a336b4a38797337526b454c42467351664e63686e5571776364773553737a546d50485659336a346c6548665a5553576a73706a594238524b5a77346a79523773445a4252357937305141656167715145466e48345346686a324f504e5a694d42596d664e374b424c7356456153626c5447676954647755753641714a426771657251674144424b694d2f45566647476c596f2f6d4b435a657973423843724c315668737842494b6c5641797246415245514552454546526c535642366f4b754a7a374c366b3042556d713058627048646643412f42664c6b765a6653334375555336416f435075676a38436f50594b56436c41524551455245424552415245514552454245524152455151694967496949434969417363724139754e7671736949504361783058526167684a6d59575644422b3771497838545235487a486f744e3333546478302f4f356c5845585248354b6867797877392b783943767075534a72326e495853334b7977314d546d535274657877775775475166516856587a4f356f505464596a467574706167345978766e4d317165326d7a755958676c6f507033433641384f72304e76487064766442346f783550516f49696473466535693462585233385773703265584b306c646854634c6d752f326d347975387845774439554774777a4855593931594d424f78483057356266773873394b415730496d63443830354c6c334d4f6b364b4d677374384454356949494e455155565455486c67707070696635497956333176304e66613068306c4d796a6a4f325a3359503041334b335654324d523435576867386d744142584f67737a476e346d372b614457396f34625545446d79565966577941394844444d2b336465356f7245324f4e7362493278786a6f31725141506f463338564247774459624c6c4e69613059414344673039735a47426b4263357241305941364b364b494969494349694355524542455241524551455245424552415245514552454245524152455146774c774a6e5779595152654c4a79374e38317a314251616f725a34354952432b4178564950784e5052594b53333872433933587146324f6f7556326f5a7564764b416571374361324e6a6f3470596a7a6877366a73746f365673635069596c6547676446696d74645057794f6c6f703278564d49356d4f7a6a6d4b374753322f614952346d426e6f56307a3450736455324559664934374164676d6837505357723256305832433550384f736a4f506932446c37456446714b57436d66424a4e502b356d6a47574562484b376e6862654c316332566364796b3853474534694a3639566e5374696f6f5571417642635a4a417a516337543936527546373161793434316249744b785535507854536a48305161475a3279736f367247506d5751645172425759594f664e497a687756707873437354547546526e65506979716b4b354963417175366f4b487170485652685346424c7569784d366b724b656978445a42567879565a6d796f4e33454658594e30457a62685561646c65556643714d51586b4f4765367046315635506c574f50624b43586275566a38697137717248354542765257565739465a4152455145524545465165716b717555435473766f6667314f4a4e44524d4279593548412f557235346438704a573965425570667071726a4a2b536239516f4e6f7156436c4152455145524542455241524551455245424552415245514647464b49495253694345556f676845524155466f4f7843736944695455544a50756863593268684f6342646f6944717861574137744379747473592b36467a6b515947556b6266756858454c42325752454651786f3642546853694141696c454549705242434b555151696c4542455241524551455245424552415245514552454245524152455146436c51554172716270715332326b59714a775a4f7a47376c64647172557074725252306d4856556e516551586a485567356a55317035355848494c7579756877395836756872613173304e492b4b4d44446e45627557613161726966514742306f66433462484f37437231564651334b686b676c6b6234704877426f364c79397574456c6b72334d72592b614e2b37535274757449397a54795453305a3548695742674f534475754c473043567a2f4141795853414e425055425961637957386d616d79596e6a64703659584667756b306c613537572f772f6c774e6c536475664c526d556d4b516e6d64304a36726755395663644b31346e70486330524f5a576a63454c75595a5449776d546156322b565357676b4f306a53316a7479584a56653330397153693142534e6c7035572b4b423863656477563349576a725a55667337586344626450794e4a784a76384a573732484c51636735485a5973304c72542f414239502b705770766e4b342f6b5674396159342b796e786252443650642b696731486a4243754f796f64694172425743386779786366702b4b355247574c6a48664b6f79734f5170634d6c566a4f51723551564b4b436431493355454f364b685633465549774d6f4d62666d575268334b78672f45736a4e6b435435566a5a31575354355653507167764a387178745753543556695a335153656f57543769786e717372514f52425668324b73714d2b59685851455251676c5156493351684256796853376f6f5153373553743038425a4d327935522b556a542b533073373553747638424a6366744b5050586c4b67334d70554b55424552415245514552454245524152455145524542455241524643416d5175747631357062445a366935566277324b4675634534356a32413953566f4f7434683669713773363452334b5744342b5a6b44666b614f774937717944364f554664466f3755556570394f55397961414a4844457252393134366864386f4e58362b346c566c6b75306c6e744c49327a524e426c6d6b4763456a59416431356a546e46573857323567336d704e625253752f655a61413650506359376569366e694f51376942645845374e4c423965554c796a77652f6b74524b2b73614b71687271534b717035424a464b304f59346443437336387077796d64506f47324f63636b523876344665724b796f6938767133586470306b316a4b6f756d715a4e327752454632504d2b5158593662314651366d744d64786f58486b6365567a5864574f4855464233434b4170514552454245524152464755456f6f79694355554a6b42424b4b45515369496749694943496941694967496949434969416949674969676f437731557a61656d6b6d643059306b724d537544645830356f5a595a3557786952684735516547743150384174476f72727655484c6f6965567033503057474e7632756c664a4d304275546864484471526c76754531484734756a6353306e7a58624d71596673426d5a4951306e6468374c554e4f5054772f5a707a4d3175514473437572764d38395658695751486b61656937366b7171656f6835474546376c465251785078396f49685966764f327946625976726670686f3536657170784647345a7875307152444645634e61426739634c796c6132707172693647797967636a68385150554c313050503445625a38637a576750646e7156647863734e526a6e716e7750592f6b4a614e755a6462716a56306b384d564c414335327764346655426433465479584f6f4642536a6d6337356e646d68657173326872506157794877524e4c4b4d5065385a2f4254624458624c4c445062575352762f654f4754494f725375313035727170734c48556c3944354b5a704459702f645a4c2f414b6671644d314436796c4c6e30556a7376594e2b556579317871653853616a4a6774305a6242546275626a424f4f366c374a48306c543145645654787a784f425a494f5948304b30707835667a58653178357957787532487151756f3054785375566971346157357975714c6542796370473750565a4f4c3978707272714369714b4f6473304c6f4d6774505252577633444477724b482f77415447564b444b7a64713437786a4f466e59646c5351594f46526a6a4a42777332793437546832504e5a756751516571754d427171416f6b4f42674b4375636b35527749617174627a4864576b4f47345159514e38724b304b6a466b485242442f6c56496875727638416c5659753643306e797247305957522f51724743676e757377622b375748754679422f445163654d2f47517369784d2f69465a554245524147564a4f456231554f376f4b6c51464a4f634b41676c323457314f41383462646136447535674b3157656857787542306e4c7132655038416d684b67332b70554b554245524152455145524542455241524551455245424643494a5546536f516545347855373574425475594d2b464e4738373967376461424a504d5350503856394b3851615131756872724341433777484f473363627235707943306239686c61695674506764645873755678744c332f7535474e6d5930396a3050396c755a664f764371744e4872366b626e445a324f6a50345a5830554f696c566f48554f6e3572397250566458342f685232333937676a504f6555414439563451757941523336726473464e7a5261356c3551544e5546674f4e7a686e526150412b4270786734566e776a364a345353654a6f436a48387063507a58724b2b6f464a51564653546752524f6554374450396c35486845777430425365726e4838317a2b49746161445174316d616345774667393345442b367972357a72712b6534316a3675726c664e504d34756335787a314f773976526257344631622b5337554a50774e6532526f38733746616b6245794c35332f486a4161746e6344695265726d334f78685a6e3856704736683055714557565369496749694949574b65654f6e69644c4d39736362426c7a6e484141486372496569314478673154492b706270796d6679784e614a4b6f6739633947704f7837713138514e4e586d3675747446636d535647634e61576b422f6e796b395636514545416a6f766b773173314f3973304d726f3559584238546d6e4259526a42432b717262574d754e73706136505a74544379567673356f492f56577a51354433426a43357841414754364c56313634304d6f376a4e54577930747134595863766a53543867635231774d485a6538315850396d3072633575666b35615a3535764c5a664d4c4336534d4f477a514d4a496c6230304c784d647171357a3236746f6f36536f6248346b496a655843526f36396534323931734146664e664430544469465a764463522b39504e6a727938707a6e30364c62476f754b746f734e792f5a384d4d6c624a45376c6e64446a6c6a7831476535486b6c69766535557272724e6571472f572b4f7574387a5a59583978314238694f78585971416949674969494349694169496749694943496f51536f4b6c5663344e6158486f4167366655756f6166543173665654626b445a6f366c61757565716d54306637547170704a444c2f436947634265697674464e71577171484f71417947486248592b6938685062626f624a6448314e4b794f6a695a2f7172634473656f4b786c6248703463634c2f7030454e775a4c57477171574267447374614637466b554637703433306b764930664d317057743246736b664b37504e36396c33756b3735485a4c6c795662694b642f552b536d504a2f5871352f48336a7646363235307a374c6133314e4638636a5275537646567437754e356178315a554f4c493967304841587474557952335454636c52614a3279744279396a543857505a61346965787251536475374431325765584b2f54723465474d782f614f2f3067774d7652784c674676796b376c656d7638415331647969677431413930645a492f4451303942356c64425a5730464b4265343548506c42384f4f6e786b756364677472614e30302b67592b3633416c39665667467750534d655157384e3665587a4c6a37376a734e4c616562596258484449664671533339374b6479347276554852467434643759356f49703479795667653039515273745038524e43566c717542314870364c3932426d6542673659366e48634c636971396765307463413448596739304879315655565065346e566c7661475662526d656d4f325433494336614b527a515249535333596833554c6332767546386e6a5358335457593668767853553766766479522f6b745a7a77786168792b4a6a4b5735784169534937435848556765666f714f6a64317a356f64686b6f384f613878766157506163454f324b5949515a4974776f6b3671576264456565366f343768673557594f3567714f4765696870494b444c32574d6e4a57547373595a6c78333255456a346477715359562b58436f385a434347676456634656414f41724242446a7468524733425575554d366f4c5050554c434e6c6c6573574e38494c4e47537552306a574a67327973702f686f4f4d7a2b49566c574a6e3851724b6749696b4941554f335571443351564b67492f6f6f626b6f4c64697666634648637575636563446c344c73765a63497076423133546e2b5a72676f50704964464b68536749694943496941694967496949434969416f55714548477237685332796a6b71363264734545597935377a6742634730616f737438627a5732347756474f7257752b49665137727a2f46756a6e724e42314a684264344c32535041377442335768594b7039464f79656a6c64424b7735612b4d344f656f566b48316943434d68463448687672396d707162396e317a677935514e3337435676387739664e652b554843764e4f4b757a566c4f663935433976346772524930395456484368316254772f363351316a7a49374878466f49424873766f4637655a706235686130306c545250746c36746b7a527969347a4d65303941313352574a57704e4d56726144564e727133664c4855747a3745342f75767159484c51664d4c35507574484e614c6e55556a675779306b7078743548494b2b6f724c574334574b6972477535684c41312b66634a5235757877654e533369527a647175766e354e756f48772f7146382f3138443653746e7070473872345a58734938734666516c757355384544355858756f6b3853523732427550446130754a4141373479744936366534367a75584d2b4a3767385a64443872734472372b61717433634b6742772f742f7148483831312f47716f3848515a614467793163625150507166374c737546375333682f625056685035726f4e64556a3957362b744f6e47752f77425674385272617a324c6741506647772f78465a486739536165677358442b7a54795274467872702f476b65666d4443303462376446366a675654457933617249322b434d4831367271654c395336717271454e615777526c374744746b414c3248424b684e506f2b577163334271616c782b677741714e6a6f675571416949674969494b6b5a432b5939615475726462586555754f667442615051445a665470364c3563316578304f727275334f2f3273352b7056673665574e7a576b6b645176705468785675726548396d6c63427a4e70784563663045744835414c536574744b4e307455555436647a354b4b74674432462b354477427a4438776671747338485a544a772b706d45354d55306a5077642f7a536f352f45796351385037746b34353475516655686154306270776171763064724d726f5947786c386a326464764c36726248475762773943756a7a764a55526a3333797649384761506e75397a7163456548413167646a6f53556e77727a4e72456d6d74543364346b2f65576d6d6e6245383953342f43302b2b53443946353042324d6c7863346e346a6e636e766e36727574557645476f62374743535a7170725055344f53756c44325a494467534d5a78305652742f67664b38304e305954384c5a6d6b4433433273467254676a4147365a71366a47387453526e7a7741746c724b70525170514552454245524152455145524542517055494a564a576838626d6e754d4b79676e5a427133554650644e5056386a34323839464d6376574f7575454e587079536e5a4c6830677731727579394272652f556355395061704a32736449655a32664a645056574f6772703470577677786f2b3664697231656d3958485754556a364b717035584d6443353751643374475168496b614164786a625a624c5a4b78736c5852775565496f396a7a4450506c655672644533474d795664507975696353376b37674c686c78313954683872472f7258545736756d744659326f677951506d694a32655056652f5a53325737577a37644a514e6944686c3462317952322b71316d36626b6566684963303439697665634e374263622f4146347136696f6b46766749504b656b6838765a54482b4c35466d743431374c524f6a6153506b756374507973427a54784f47636570395673414441364b736251786f5930414e614d41447372686433794d737262324b55524546436c45465346387836376b6a66722b354f706d4e702b535534384d59484d4f2f7556394f46664b4f705a33564f7262704b34376d706b412b6a695037494d7a6d737673515a4b356b6477594e694e684942352b713661526b6b4d726f5a576c7232396c6b38595a475357766163746333726c646b487858614d5131574936706f2b43587337335768316a446e414b6c322b516579696147576c6c4d5577773448592b616b6e6d5a6e756f4b44413356584e776475367432434864415963374658324852596753484c496767716a39686b4b376c56342f646f41475741716f7972516e4c634b4f685151376f6f5a315575364b47494c505750473679454b6747364449506c77736d50336178447173702b512b79446a4d2f69465a466a622f454b7949677047464349717971564b676f4d6230616a6b616776324b394677346d4d47756265516363306d43764f6a754632756a5a54447243324f4277667444516f50713864464b67644170514552454245524152455145524542455241554b5551636174705936326a6d705a686d4f56685934487543463875366773387469766c5661357751616435445365375475302f6776716f394671506a5070715235673142545246346a48685641614f67374f5073724271323158477173743070376c5175784c54754467423934647766516866547469753950664c505458476d63444850474862646a33423969766c6a47636c6a323550717665384b39596d775854396b563779326772482f41414f4a79497054746e306166315378493330643134533278303972754f6f5a61796f6867624a5769543934384e41484b4d48667a33587567636a4b384e644c5259704f49426658307a4b697271615a726f57544e425a384a494f416469642b365257712b4a5652616133556261713156624a335351346e3541634277323250665a625a34573134712b486c4558456b303758784f4a2f704a2f735634726a4458434f4b68746f70495131325a4753745941574162636f77757a344d56375836537656475a414454536c2f6f3172326e422f46726b714f585a3671616a3453437061433137594a70426a714d76646a483468615065357a6d7565346c7a6e623878366b6e7156394a4e7037564470714f32506e6a2b79436d45575334627449362f774231383431306364505556454d4d676c6a6a65356a586a6f34413745495070546839463457687257774447594166785869744d783262552b74622f553156665643764e5139724b654b5a305466425965554f42487a6234327a737659576574626165476c505848595539763854366875522b61384477657445706f726e663374496d6e5032656e6337797a7a505031504b506f555631504671576b7036326874644c504c4d615a6a6e79423535697775365a4b3233772f6f526274455775446345776837732b5a33587a78635856647a31584f32714a64505057474e32656f2b4c4148344c36696f4b64744c5155384147424847316f2b67554849557145794d345153696a4952424b4b4d684d684179766d62694645364c5839325a79347a55427a5235357776706b343672353734716a374c784c6b6b4457344c595a4d4f36456a7a56673962784a6f4b7574304b7965656e4246455935576c703335534d4f2f4968646a77536e612f534e54544463775662776671415175546437646472765a5a325664396a6f7157616e2b507734322b4731704732584863686565344431765046654b4d7435513130636f487543442b67566f356e4847634e733973674c7363395158456565417138505730396a30597964395245796f756b6e69754c6e3435473942323634485263446a6b384772744d65546b4e6b646766526431772b754564546f2b6e6a733174613253456d4b5975332b5075636e7365716e304e5261734d546454584555395132706a4d35637952707a7a5a433966727653314c7037524e6a664853694772684c593671554464376e4d793445392f6936656934303950447166693954774d6f6d3073624a6d2f6147426f41643465376952324277765a635a6758364a5965704e57772b3251646b694f38345530663254514e447a4e773655756b50726b72303977755646613656315458564d64504333712b5232417575306a44396a306461346e44425a53737a2b47566f76586d7036765531396d44704d556c4e495751526664324f43346a75553072666c6c3146614e5152766b74566646564e6a4f483868336166554864647174433847704a5736356b5931354448556275646f364f77526a4b33796f4a524551455245424552415245514642557145454c44557a7370366553563577316a53536649425a697649635162332b7a6253326a59317a7061302b474f5564696f316a4e3552714b3953316d734e5631456c4b3130755838724d6664614f36324a5155447256613461535278664b30645356354b37326562517345467974303538576366474837347975547050564e586436756167722f696c3554497877486b7359335665376e7839755039666836636c725143474450667a4b346c66633257716b644e4b374d59474842636c2b474e4a4f324f79365736556a727a46396842773651346175396d34384747706c4e7649323679743168716752572b4e7a4b64377561553432614d3772364173397070724e6259614b6c594778784e4147423139563075683948773658744959513131564a764938666f7655676235584c484854747a6376746451415568464b303443496941694967676c664a4e3163483668754c756f4e5649662f714b2b7370705043686b6b2f6c6158666746386a5353655058565533546e6b6337385355474763622b5376484a6c67612f6f4f683768556c2b6264514f6d796f374f4f654f706a2b79312b7878694f62754436726831464e4a53532b484e6e483358446f3555593863764a496374506e32584e697147434c374a57356b6750795037732b714472336264446b4b77364c4c56556a364e2b486646453735486a6f51735136494a556e737167712b44684256794f4238504b50364b6573614448416479724f62385370447334724c6a64426963635a5267556c684a4b6c726555345157492b484b784137724f2f7743525942314b437a6479566c643868396c695a387979752b552b79446a4e2f694c4b35596d6a3479566e6550684251555675797146505a424b6f56626f46556e4b436a696f616a74314c554632393132476d446a565674506c55732f5664654f3635646965493951304c7a304537442b61672b75476e4c52374b797878486d6859377a614373694169496749694943496941694967496949434969434669714b654b70676b686d594878794e4c584e49794343737967394547744c35773874443648396c4e68624649304f665356516267744a50797549366a4b3039633762563265746c6f4b32423055386273456559374f616534377236677236623752546e6c4837786d376666795775745657756e316177576d43467637516a7738564a622f7337576e34736e794f63414b79705859634c4e5a2f742b312f7379746c35712b6a484c7a4f4f38724f7a76552b61362f694a4d4b6e58326d6153697157747132545a63476e647265707a394156715332584372736c3362573045766831464c49344e63527363484242486b664a5a5a612b756e767a62765556623256443578492b646e57504a77535059494e3036773035523669705454564c76446b59346d475a76574d2b766d44354c562b6d39514851395a7143677134544b61694577414e47576d5270324a39434846624d314853327969304e5063475454547638446e69717646504d5845624838566f7946307458552b4c4f34794f65655a376e484a4a5064423944316c31747476306c48645442416159556a5a474e384d45594c5268712b63366d62375656537a65473250786e6c34613059445154304157324b4531462f774343645252786e6d6e6f6936503475706178326344364c567a595745637a586379756836676138723539437530784c455850635752787a67342b4450796c6258747331585a4c4653303956615378734d625738314638625274317831487174426e446f334d7831475062315738644233365738364b686e6e4238656d636161522f3878614e6a2b48364a527257434f433638596f6a534e6434556c63312f3778764b64747a735639456a6f766e2f414556504c64654d59715a7a6c375a70536344623463674c364148525a554a77756c315271536930765a354c6a575048772f44484744764937734175336c6b5a4578306b6a67316a526c7a6a73414f704a587a64722f56632b72622b36654e7a685151457370576e70367578356c49506336593479535674325a52586d6c6a695a555044593549732f4154304257326367414c356374646e7271505646727071796c6d70704a5a34334e624b30676c7565712b6964583368316730745858466a5336534b4d38673954734371504136343471567472763772645a4444793078486a7953446d446e64326a304339666f4c574c4e5932755764305168714b5a346a6c6a42794e786b4f486f66374c35326e784d39303838784d6b704c6e4f4a366b372f7176626349626f6254725837452b512b42634954474154747a6a42626e36416a366f4e2f646c6f7a6a6654386d714b47626c326c706933506d5156764d4849576f4f4f3950694b31315936744c324a42794b435773314677632b7947467a7033774f597739333868794d65665168644277537248523675717164324769656b4a4c656d3758446248314b39377046394e4a70693351572b4752384d55417a4c796c6f42366b3550726c616d314a5531326e2b493164573037344971794b635341514834473548796b655a48583156523333477566786455306b51654d5255784a77656d53753830425356756d744f6b79467a71693550624d79466f79574e49474366566175756c6456336d756e72363654785a356a6c3548516551486f742b61585a515336556f5a71536552304267475875646c77774e7754364a5a304e6536587062704878547537327877756e613178663435492b467847347833587075494d397a667032536d71625779534b6f6578706d6a654332496c777753447576506153706169383855726c65364f5a38744254756377794f507a35474133315865616f6e7162707843734e676153326964696f6c626e6151744a4f4437414b4431656f4c6e48707a5138315339346136476c4447657269334148347235744c2b623470486645652f6d54315732654c397a6b75567874756b36484c353570413937476e7a3261442b713866725453464a59713630576d326d536f754e56482b2b4a4f5135784f42676475367356363367625a5838317876737a534137464e4354334133636630483057344630326c724c48702f5439486257597a4447413867645848636e3856334b7943496941694967496949434969416f55714545484b386866485231313759317a577662546a494a475143765531633761616b6c6d6363426a535634714a6f4c5a4b6a4a497148637779724964754c6671434b363269706971492b664453357037676a7958696548637448484c5678534e614b777477776e714637393532354430497756304d576d71437a566b6c3069447646666e414a32414b6e70753764384f58574678726b566a33744a2b4962626e43376e526c712b305375754e5177386f2b544b38374178317a72493449736c307273452b53326e51556a4b4b6a6a7032444159334239317533547a5470794d4b55776977306c45524152455145524548437538686974465a494f7259586e3869766b7149356b6b392f377236713158493648536c306b61634f625379454879504b5638707764536650716753645641557937485a514652647061546768584235474550484d77395173546571796e71714d304653316b6667542f414c796d642b4c50554b6c545376706e427a58654a4364327543786b3442474e69736c4e566d4547435563304c396a36494d6263486f465971315241595434734f585175372b536f43434f7167704a2f444b74474d78665259354365556a7372774839306778445a367a674c433459637337666c5151375a5647355576554e7755466e2f41434c414e69737a2f6c57456455466d2f4d73722b6e30574d443467736a78384b446a7347584c4d2f7743525932374f575751664367786a6f4555416c5741514430564431575139466a50544b436a75714d5545354b7331425964466c6f48636c7a703341394a576e38316a614f7169496c7454473448634f4248347144362b6f4863394254753834326e386c7946774c49387957536965546b756761542b4335364169496749694943496941694967496949434969416f556f677152737645334363365376566458565551467075456b636871326e4a676c7879386a323965513745456443652b6476626c65563469325372762b693632686f6a2b2f4962493176384150796e4a6167303972375363316a7555313070515a625a57796d566b6a446b5275647557752f485939463550784841396468364c5a6d6e717439353048583275647373556475705379716139755335777a796745394f6e305773514f614a7578364534576f6c62497070716d3438454b6c6a6963303070617a62647a413770394672366c59353049384e7744707042474d6e706e5948506238467533534e72653352467170494977357a3247523578384f53636b46654e744d4e4c704c696c4c4a7161434769674d54354b62626d6a424a414468394166716732545130566f303159597262537a527359775a63357a775449346a636e7a7974493679686f614456745779324668706e6372384d4f51317847342f4666514d74485a626c42485553554648565250627a7876644531774950516a49576a7549747674635771584d745449346736506d6e69693261782f6b504a496a7a394a424e637175476d6f513539524b384d6177444f355058324333745a7252533658303344616f716f766c69356e797647506a6537356a6a734e746c71666874567857375763516e634765504536474e35374f50546673746f583231303978486978756c7037693175477a7363526b3967357652777a746b373455717643634e71643150786171346e74504d307a453539546c62347a6861493466584b6166697558566b54594a33527668653176387a526a2b7933665856315062714b5772717042484645336d63346e4779697648385537724e5461614e736f684a4a57584677696248434d764c507659412f42654e3462366674734d64586437754766624b4e77624452536774645467413465344871543232327836375a644a582b34616e34707675625745303759587377656b4d66336365704b376a6976553236445473736c51414b3534444b647a446951354f534d6a6374786e494b6f383970715762585046675846784d6c486273756158453432365939797474366a743475756e612b6949357647676341505847333572796642367977572f52734e6547596e727958764a474e67534150625a652f49794d4b4435373459554672717452317475753948465550664157784e6d4751433034646a317839646c69315870326251656f3665756f6939314434346c705a4864574548654d6e7a486e354c42586d703035784c6d6b6f775048687273787463634e634848474365774f65713231583659704c757873326f6d2f624873626b5534655246446b62386f47376a366c5648724c5a58785853313031644151364f654e7277523668613334364e2f3647747a794d67546e3946325043613877566c7172625845386d4f6871587467423669496b38713433484350784e4b5578614d754651414d6464776735646c31445678634c6f6273396a5a61706c49393747426d784c636762442f38414e6c6f74383074565550724b702f504c4f387979505064784f5437645639446152747a4b44533173705a5973794d706748526e66424f35795071745538527447516153716f61716b654253317279475577795443514d6b413978354b7765537951306b6e41486d746d55736c5870376769352b533257736334734f2f77746566794f46347252304e7472745655634e356b624652676c78447a744934444961666372616d754b756e6470477469384272715978427247744777503363414b3270486e75446374524e445857324130374243345350652f4a6b667a644d446f4273734770745556576d4f496f71712b6c677158556c4935744b4b636b6276477a6e354f783941756b3455564d6c5072716a5a4739334c5578506a6c48706a494a2b6f5857385170487936397665632f37526a36426f41555637766866514f757456586172756b776c72617035597a4933614f35486b4d624263696a6d2f30693431654a46454a4b6131516c68635273446a722b4b35556c30627072685662354a597561736c703278774d78687865376f6670315866384f394e6d78574a7339577a4e7872543474544965704a3644364b57713963426857554b56415245514552454245524152455146436c516736752f79386c415967415449514d4c7939566b4d6246467347444742325866587152736c64477a50384d5a49585246334e4b3834366c574978537943436a664b386278744c6c344733367871376c654730315142344d7279476a79324b392f55686a715a374a41433134775634435852676257746b707079334c38736144763155752f7036754b38636c396d797446327a39394c57766a4144535247664e657a4334646f6f6d55467367706d2f63594d6b39536536356732553765613633306c536f557167694967496949434969446f74614f44644733596b344170582f6f766c6d6e36484b2b6f4e6650456568727553635a706e42664c38412b444b6f6958636c517771582b617145466d39566c4a4756686273344c4965696f673771707833566746424754756776425575675049666a695056705757574272515a6f447a524871504a63636748594257686c66544f50336d4871436f4b76626b45743348364a546b41455a335765534a72683438473754387a664a59574e4458467736464257556645466b59664a566b4236704755422f56513371725056576f4c7638416c574676565a70506c5742767a494d766458636668564372452f44684269623878575a35474e2f4a596d444c3161553564736770335668305665367345423352554f797356522f52425475724256566755463239437167346d476474315a766459336e343868516657756e48422b6e4c653448494e4f7a39463269365452372b66534e726435307a50305864494a5245514552454245524152455145524542455241524551516f634e6c5a566475306f4e51364976456431314e7179337a636f465a4d2b526a63645143576e38734c5756327437375a654b32684878436e6c4c41665471422b43324c7776733732362b76387451787a58306a35475939585050396775467868747a494e543030314c47496e314542644b576a484f51635a5030576f6c62573033573031547065676e70736545366e4241614d44494734587a3566372f5633752b566464576647397a7978724862694e674f7a51507a58764f45562f6e657971734e55346e77514a6f41657a66764432577664525576324c553979706a7479314c694235416e492f56494e78634f6174383344696b35736b77756b6a423941536637725356644e492b3556637269655a383738354f2f5662673461504c4f485453376f6169544873744f3178483751713864424f2f483471497a57706b6b39366f493241756536706a4141366e3467742b3677754d4668733156634867637a5163447a505966697452634d3644396f61336f79356e4e4853417a75394d64507a58704f4d643165525357734f483735786c6b41505a76543853542b43574b386270612b696b31335358713453426a587a6c307a3862414f366c624576756f4c647844766a644d305631384369613076664b30594d372b7a5735386c707a47324e677473634b4c4652317469725a712b6a59396a366b654339777734594735616532436d68336b72625a777330704c4a54524f715a584f484e4934594d6a7a307a35416553307a654c726374555863314e57393031544d384d6a6a6230626b344457686265346e56395062394b7a556454472b6f5a56446c676631355867352b492b5948347271754633446d517a5575706271574f6a4c424a537767354a4a3650642f6b6c47314c4662786137445130482f39764178683977426c646868414d4246466148347961666e74756f5265472f4654563444546a71313752302b6f586136423138367274333749722b65657667626941347a34374f775039517a395175393431572b6573306648555174356d306c514a4a63645130676a50346b4c562f4469334e72645951506b7150733864437731543345344a44534e68376b6a365a562b68376133556c566f66694b32746644345673753247536c6e79517664325031562b4d756f4778314e7474454d334b3573676e6d6533424d59794d482b3635657336437576656e6171762b306d6b6869427159343866484b4737743967745456465250635a6a57566b7a703535414f64376a6e4f7953492b6b4c51596f625843594b677a687a413454754f544a74314b307678557664525761776662705738734e754749782f4d58414f4c767a77765338484c752b534b3457576151754542624e427a48504b3037454436342f466561347455596731775a636256464d787839533334542b69317273644670753955646f763150583156464656514138723470426b41487134656f572f7743363365676f4e507575543432665932526954415944384a3659432b6148686a57754f4e734c644f73584f5a776769424a796157494831364a555975476b6c4c64626e66627253572b474a6b382f377432514a4774494877343744664f6656656531785355644c78556f716974445730395549705a7564753251634850344264627732714b69485856756a686c4c42507a4e6c41365061473577517564786871545536757036594f424e4a53446d4a374f6363372f514972316d724b57313348554f6e716134316e67467453485278414845725430776567477757793267444148516446703356645653587a513968754c59335539316a6c686a67593863723337674574423349373557333659502b7a786549447a3867357666473677724d6949674969494349694169496749694943685371754f476b2b69447a4661344734567238354162674c715938686738797564493778495a3541657279507a58434a41634133665a626b50707871392f776367497956315769337a586a56627161636644516a784f6247787a734268637576642b394c79356f354e385a3358663643737a4b536e716269572f764b782f4d4365764c325572575055753373423055355542537373696c5170514552454245524152455165503470532b46772f75583962413338313832776e45612b672b4d30786830444d422f764a6d4e2f5666506358384a55524a354b7265716c2f56566167734e6a6c5a4430575037797966645146424b425151674253343532514b50764945556a71642b576e415055646975512b4e72322b4a434d673952354c686b387a7346586a6c6443376d6166636561444934637a6374493236724777344f46794d52794478476454387a5173546d66466b62416e6f6750473256554c492f35566a4856425a352b465957664d73722f6b574a6e7a494d6f33556c4771485a386b42674965665a55656375575559617a6e376c596f7758507a366f4a49786a4b6e4b4f4f5859485a5167465933627249714f515577724171765243634b4449446855666775556335555a79636f50717a51377566526471502f68322f6f752b586d2b487a75665131722f386b4c30694355524542455241524551455245424552415245514552454251564b673945477674637a567569726457332b7a436d3571755a6a716b544e4a4964674e4262762b527976493853716b5876544669314a466765497a6b6b3565784933483468624134705541727441584675354d54524b4d656253442f5a654e69737a617a684c5430545869596d6e4d37434f7a733577505a574a586c754745306731335241452f7649337466367477757331754f58576c7a646b7544704775425062622f6b76543849725a7a53584b39506276413051526a2b6f6a4c6a2b43354f75644e556c61786c3061485231516e68686c414f3072484f35632b6847796f377a51454d6b4844616e38574d6776664b396f78676b5a32576d4b68784e564f584e3558654b346b48747576705372706d2b48344d5451786b594447687577614232415776626a7061323133455330735a43304f6d4a6d724968387232732b396a314f4e6c42794f456c6d666272545858797259597a55454d694c397378744753642b3266305776746158775837564e56574e647a52526e77596344376f366b65357a2b4b336a6633736b6f58304c596352505a345a597a3452796e734d644e6c382f7742326f716548555652515554755745542b464558757a6a6f446b2b684b6248493033707934616c75544b57696a4f4d2f765a5350686962334a506e35426254763841713669346632756e744e73676a7171686b59624578787747676458757875636e73726d6133614b736637506f484d3559592b6565622f764834334a5076304330766361326135334765736d63353735336b354f353637424e6a30634e62652b492b70614b335630325933795a4c496d387249323958484137343279563948556c5046533073565041304d696959474d4136426f47422b533135776a3057367832353133726f38566c5930636a534e343264767156736b4141624b4b6c536f556f4f4c634b434335554e5252564c4f65476f6a4d627833494977766c363179303169314e473636557a36714b6971584d6b67427754796e48355936643139556b6248646149347936582f5a6c385a664b654c464e58375459477a5a522f6d507a7972423732325836303676743159614b59766a657778797876484b396f4978302f75744c3357327a3243756e74315377746b6864674139484e374f486d434678394f5875717346356775464e4b572b4752346a657a326477664e627831507032303633744e504f7774697154454855395133746b5a41506d465530302f6f2b39697861726f712b52355a43582b465545644f5232784a396a672f52652f347857677a3261697530664b5453532b473977377366333964392f717455334367716264634a4c665673455530636e6879423277476467666275742b306c6b6d69306a445972374c48577562455958756165724d2f44756534474e2f524e6a35374743514f767841666d743363516f7937686b35724274484845534232474176423266687a55585455646453747157785546766e3558797533635231414138384c336d7670347a704f7274374a69316f6847546a714739422b534477584339686b312f51376677345a482b77355667312f4f616e6952636e75484d794b654f4d74506341443875713744686853565642635a64515673446f71566c4b59346e7547504565343441486e746c6442715765613636357550675535624a5056426f5a6e4a4a42417a39635a5633326a667261576c6d7574704c3665452b46546c30514c51537a345238766b765141595867715771714c6c726d30783073636768746c4b57314d704877467861427967397a6c653979734e4a52455145524542455241524551455245454b736e794f3969727248506e77583436387051655059574333794878476c786b5077353336726946785a47386b596341634c56644e6471796b315139315856534e685a557535775363415a4b32665531744e55304971614e346b6a663063464d632f6270327a346278795836617172626a6348333177664e4930756c4441334f324356394657616e464c6161614166636a415772715778555631763841536c37506a4467386e486b747552744447686f36414b36315775586b7879786d6c3849696c486e4552454245524152455146436c51673178787765426f714e702b39557448354661456a2f68726550486c3562706168626e357176662f77424a576a3241434d42555665716857663571714356634834566a4b79443555455a555a50524550524247534f366b62714550796f4b445a366d554443714438537975484d7a7a515245357a527a4e4f3458496134533565506d50554c6a516e4469306c584f574f44323759515a584e504b65367864443157667847763841336a446a4133486d71466f4a79336348386b4648664b73624e69736a2f6c4b78633243677a6a6f684264746859784941465a6a354a54694f4e7a7a36444b424b34636e4b4f795144444334724558387a76693233575a354449734475454745456c784f6570575164466a594d44645a42305151646c6a4a575279784651516f4b4b514d6f495436713562364b7268676f50706268524d2b6251464358753569336d61507858733134666841344f3466306d446e4433672f697663494a524551455245424552415245514552454245524152455146436c515467494f6e315a4132703072636f6e4f4451366e666b6e74737457384e4c7250573654714c5931676b6b70486b52637a734444687350624b395a786476377254704e3148446e78376737776d34374e36752f4a654b3451555652565631796641472f5a78453172673762347337595073745434527a644a2f7469305456476c475545527258534770644b4a5033664952334b374857566a76447448546d53656d624d4a6f3363734f5158372f43304539447a456667765530396f696f4e5476727036706f6c713666775949414d624e334f2f63716d716a484a62495a5a6347434373676c6c33774f5672786b6e794179436734316d302f657258534d6c75326f5a3670345a6d534a3741576a626f44317946354b43305639383468566c5646646e554d644643304238487a6872767537375a3831734b37536e4434386e6d4a325868376250546166314a714b61656f61794f536e6a714d7649794d3759412b6967343272727263744f556f634b78397769654378737377445878767873546a596864546f327a573269306c58616e76744979706b6d6535744f796362636748784f41387954686379323163577339516659376e45366c747a572b4f794f5670613672355473426e74337746315045725644613264746b6f477469704b6241653167774e766c62374b4478645463616d71446d506e6b38446e4c6d52467849614f772b693246776c30514c7657667475345263314a547578437877326b64352b77586b4e4961597174565832473377672b466e6e6e6b787378674f2b663058303162626454327567686f71574d527777744457674246636c72413059417750494b794159556f434969417568316c593439513659726265396f4c6e4d4c6f7a354f47344b3735564942427a7543672b5158736378376d50626837447975486b516346657930767846713950573931465044397168594434527a677339505a592b4a6d6e585744563951574d497071736d65492b705078443646655435656259665565613145624d31546f367176576d5a395954314a66585351746d4d456250674565774148636b4475765336633161622f59714b4768696456334f4f426f716a4965566b5a4177584f6436396342644c77733161367070354e50562b4847434d75676337666e6a2b38306a766864315373744f6772772b69644c48543046356b3853446d492f63794e324c5365374344736579446a61626a31433355326f4970614f4e72704852793877654f584a47426a7a794631757459645152784d6f354c614a44587645544878533878472b534d646a68657770684b335774564979543977326959317a5163687a693734542b47566b314d64726649313562493275693563447553646a394d6f504d3174624253785130565332536b6254526a496d59574e4742754165685073764c6157686a6650634e5479344d6b6b7232774e634e325a507a6534794146736e694c534d72626452553838626e3035726f6e314261306e6b696163754a7832786e4a375a57744e59366f742f4a425232566b526a62493256386b66526f42326236352f73733647394c4c524d6f725453774162746a61585a366b6b5a4a507175775844744657327674464a5674646c73304c48353977467a4646536949714349694169496749694943496941717647576c5755486f672b646463304a6f396231314f3175424b344f62676561376e53734e665155736c445644444438624d726c385736646c42716933334c6b7948593576584258595071344b2b6c6772365944446d414f414f65552b53355954575436504c6e37634d64726f366d4539366b6c634e34527374676865503052466d53706e6238727473723243375a587438354b496967496949434969416949674b437055494e5263664b6b433332796c7a38526c632f486f426a2b36303233354174703866485a7564725a35524f503572566a666b425155663056565a3236706c55575052586275466a56347a7468413771554933524242436a47646c504d423155412f45505642527a53443057526e54436d5a7651716a48414f51513459657372546c75456b61434f594c4577344b4b794f356d4f446d6e4746646a77666962742f4d466d74314f4c6a58785562705751435232504665634e62366c5a4c70626f625a55474b6e726f716e48567a4f6944687a46707739704148544339566f4f30775865712b7a66733456623345633733445a6f4b766f5851374e535842374c712b5769694c4d784f4c63654966495a5778627258325468485a6d5564424434315a55484a7966694f33552b69794f50633744773130314f794f35514e4651426b73424a48344c72717a696670537a6a776244594970434267504d59412f4e65476b7447706462566b7431676f706168736a6a68773644305873394d38464a706d737162374e34514a7a344565352b7051646248533254694e564f645357313973726750694d492f647539534f79383571625174343079374d37525041656b7365342b71336d796e30766f69694649796f676f656364484f79393371652f6463576e714c46566957322f74616d717a55744a614f63484152587a6d3038707735587943463676574f6836363131303156525175714b4148496c6a475133304b386b4343426e7174526b4b6f355a43566a636768574371704852426b42564a4663644653525166513342522f4e6f42675033616d51666d467346613334485363326970492f35616c333534577945456f69494349694169496749694943496941694967496949437138687253536341647a3255727a50454f366d7a364875645578786249364c776d45667a4f504b5031516166346961704f7072382b536d4c5452554a6448442f414d513577353374354c312b6c61653561533464523365325152315573377a5531464f546a6d6a366643523049367255304d6e4d7752486c2b45636f486e356c626f3454584c37627045306370356e5555376f392f774355376a2b36307a484c654c767269793055394e545232694352375a7674443565655a6842324c4141426b2b5a50666f757a76476c58335778535774393471694a47596c65356a532b5848596e4732546a6f7130397472624e4a496265445051766358436b4a7736496e715745395166492f52634b54584e76465639687035485358457965474b517449667a646345487030366f71644861616970744930444c684c4c557a75627a4f632b5a325939396d4e333241414149437a31396b30745433413353573277793175636953556c35794f6d4153522b5336577a554f737266444e5431644379574b535a38305a696e6154487a754a4c546e734d726e76303163367a6d666336316c4654592b49524f35704844754f59374e2b6967367536542f3659563856766577476a704a5250557a6a59774e6232613464484879485a6159722f43716278566659577664464a55763842684a4a355337595a36353343326e726a5564425a744e6d79326c6f68624d43304276556a6f58453954376c656534526162666564564d7270497a396c746f38527a694e6e536263726631503055673270773430617a536c68615a6744583151456b377635636a5a76305873516747796c4645524542455241554b56434478584537536e2b6b756d704830375161326a2f657862664d4231623951766e6773664831615151634565586f76727077794e3931383538544c4a4859645a7a7369474b6572623437472b525055666972423175696f61697131666259614f746252564c70435935697a6d44534164694d6a495052625430375a6157343139344f7036576d724c704449495043657a4d63554741576c6a5430423878766e75744d5556584c61726a53334b6e2b656d6c624b33317763342b753458305058577547397567753971712f73746131676454314c426b535275475131342b384e2f6f71696c6d306c52576d756b714b5374725778794d44425453536549324d41354161547541504a6458714b67766b6d746250486236396a365a70644f594a32446c4262735353426b357a74354c734b57373361335648675871334f4148537170576c385248714f726671736c4e71476a724e5354414d4c4971656e445756456a533172334535494250305155727169365532714b43653650706d5735306232746247535379593941397837455a783279764d6356624a62726e5a5858616d6e67466262774f634d7838635a374848513533483158706274714b6c3856314853526934314d6f4d59706f2f6a446952392f7331752b354b364336366168306e776b75464134746b7158784231524b507650794e676649644167376a684e714e6c353074465179414e714c65424534656265785876463839634c6230327a367a706f6e6e454e637a774862374233592f69766f51465a717249694943496941694967496949434969416f4b6c51656944586e4747334e71644d4372356376703367672b515056613030686566736454396a6e646d475835633969743636707477756d6e61796c4c65626e694f42363432587a6448444e4255654178684d38636e4c366767726a6c3164766f38456d664863612b684e445238746e636364586b672b61394d764e36455a4d7a5455416e6279765056656b585865337a387364585355524655455245424552415245514552516730587836502f5431756233454250356c617948384d6579324e7832666e567447335079306f2f3841754b317a324343697839316b495642314b6f6b64465a697232557351584c736c5679564a325549494979716b38726c64596e3955484b4235324c413463705634583969706c48644142356d34564d637033436c70777368484d3142694c396946364c524f6b707454335a6f66694b68707948314d7a6a67426f366a506d764f755a75414f3558737276654b657861517064505771714435616b654e5853526e624a364e79454872746238523754545554625270364a736b39506873645342384d654d64504e6178644e64395633654e737373745a56536e6c424f546a66386773326c744c567572626d61476765786a6d7435334f6b4f4d4e3831757531365a7358444b7953584f71654a716c6f2b4f5633556e794155563275683749644e324f4b3079564458543435336748635a5868746638414665746f71366f73396b44596a4565563951647a6e76686456724c69624258694b6f30394a5053315468695a35324f464f6765476b757143322b3375552f5a587535677a4f58532b5a506b46437649554e6d314c725775644c46465057796458797650776a366e5a62513031776f687474706d4e306e4462684b5033626f33344d5937686450716669622b774a354c4470536c687061656d7a472b567a647934646366383134476655756f62724f4f65345655306a6a7331726a6e506f4171506f4359515776537271656e69385a6f6234623275504d58453931382b616b74707456356b6a4c4f56727a7a6870366746624630546139617672716157352b4c4251526e6e496d47372f6f754a786a30784c446357582b6e613539504f41325134326151694e5a46597a3156733561714871676c576171717a565263644653546f7242566630554739654245764e707172692f6c6e7a2b4957306c707a67484b38785853486d2b454672674d4c636143555245424552415245514552454245524152455145524545486f74563863726d497254624c554d35715a7a4d2f66626c59306a422b7267666f7471486f745838566447587a554e56426371415231554e4c4557696c487779416b376b486f66625a42705a735a6476473742486d7659384f6459302b6d727250466369364f6d716d674f6b614d687268304a486b76497a5153515475686c5a4a444e47655638637253317a5435454651514350694149576b62367666456d775775312f614b577269725a6e4445554d54736b6e2b72794331356f473566744c696842634b3937585646534a6e68784f334f5737416654594c776a6f47446f374830557750714b576f5a555538705a4c47344f59396877576b6552516654383966464177754c675063345776395a61346970345445484573374d42336565333057764a646436686d67456339524649663533415a5851564e524e567a756c715a532b5233557550364b556468424663645658364f6e69615a617170667974485a672f734176704853576d7162533167687473474850623855306d4d475235366b7277334276527a376652535836746a355a616c764c54745056725050304a5731414e6c46537052454245524152455146436c4545486f745563634c4d3661676f7278457a4a7033474f516a2b5539507a57313177376e623661363045314456786953475a70613445666d672b554750414244756e2f414f5a573365462b727161613377574f706c384f706832674c6a744b7737675a38783077756b2f39696c2b6c7236687261716b70715a7279496e534f4c69397564746746347938576d356158764d6c76724d78564544737465304844674f6a326c6152394e7379636737353672673379317733577a3156464d774f612b4677622f533444596a3179745632446a4c5655554c616539554832304d474250432f6c6b492f7142366e384679377678736a6c70484d73397066464b34454357706543473539423151646c776f3142627a5179574b574f4f433477506341346a426e486e6e75526a6f755a785a756b564a704a3943586a375257794e593168366c6f4f53634c536a4c6a4c4855666147766532595035784977344963546e49783033563636383164797150744658504c557a34774a4a586378413867694b773144715373686e5937446f5a477648304958315862716c7462623665706151524c473132523668664a5743344575774164736c66536e446961726c30506276746b546f704778386f446875576a6f66775571783670536f55714b496949434969416949674969494367715642515565304f61576e7546382b362b74552b6e6458537a525a45633538566a73625a386c39434c6f39546155742b714b515131724e326e4c586a71466a4b62642b486c2f485858384e726a4a63394a7754532f4d4351563631646259724c533247334d6f6152754932656664646b7454346373374c6c62456f694b73694969416949674969494368536f5166507648435272395a784148646c4f3048385374662f414851765a635958382b764b67646d736146343373465255724875736856505242505a575a3156517062315157637135557556523151535859584e6d7356786a743864774d4433557367794a414d67653636392b4356734854747859375454625532755961717364346261655435576a706c4272334a4158494878744258754e57634b626a702b3174754d456f716f78764b316f33626e7576434d63576c774f7848593955456b59374b51564a4149565273677432335654486c754172646c495165333461366b73756d5936365336427a5a3367434e7a6570486c6c6464726e5856587247725a4531706a70496a2b3759447537314b387539674f354f36376e5138464a55616f706d566a6d69506d79412f6f536f30395a7732305148564c72357143426b647568626c6f6e477a6a3746636656577636696d7236753236627152446258446c42594d652b504a637a69787134316b30566a6f48637345492f65434d374f5059624c7a3967346531743074777574645578572b336a4a4d6b7877534231774548423033706d7376395239726b6a6b4e42484950744d2f6c6e395356753139486f7a68396176326a465351422f4c3844694136522f735634535858396b306e5a4836663033546d7261632b4a55763650635231433178553343757277317458565379736164673532514552744b713434736c6a6b6132314f636675467a74683672776c2f7742645872556b5a703675666c705363694a76514c6f48686f474d44485a5641386b51494147796f5664796f6746576171717756466c562f77416f4b734644756967327a774363667431316232384e707839567531615134434f2f365575672f7743453339567539424b49694169496749694943496941694967496949434969434577464b494f693142704378366c6935626e51736b6b4177325a6f355a472b7a677461587a677058514579324b7662554e2f376d702b463330634e6a395675644d424238775848526d704c57534b797a7a74412b39474f59666b756a6d705a34734e664449302b526a492f737672726c486b4e3169665230727a6c394e45342b5a59437273664b4e485a4c745879426c4c6271695a7a6a67636b5a782b6932646f6668424f4b6d4b34366b61317247486d5a5341354a503952387652626a5a44464874484778672f706141723443624659324e6a59474d614774614d41446f465a464b67496949434b46424b43794b75564b43555245425267487370524258417a6e43364456576a37567132693843347841534d2f6854734144342f592b586f7651714d49506e7939384839523275527a71467364796736687a4479762b6f5038417a586e354e49366868647979324f734236624d7976715043594362487a42446f33556378416973565963394f5a6d422b4a4b377533384a4e5756306738616d7036466e643830674a2b67475639435954415161373033776673396f6d6a71726e4b36353144446b4e65334562542f68372f56624361317247687257686f4177414f6756734245456f694943496941694967496949434969416f556f676a4359556f676a434b5551455245424552415245514552454251705549506d54696a5566614e6658442b68345a2b41586d443043372f695076722b362f77446e4c6f44304156465864466a48565a484c4833515779674f43696a377943784f56415447555156637663616273564465644b314a6f342f46766e4f4441317273466f4866386c34687932466f433855656a4936533856413864747865364354664268415055656635494f54706269485857712b47333674714a5a4b574670694d626d67387276587a576269506f756f754e57792b36656f3254304d30664f3477592f4843365069527065727431356c76556268555736344f38574b646e54667356324f6774616c6c462f6f37647271326974354261312f4a6b3739756273464272346e6c4a474e77634653426e64643372485470303365354959756153696c4166424f4e327642386a304b3649687a4473515165344b6f6b45394d4b777a6c56356d2b65366b53424263747a31574d6b783463776b4f423263446768512b55396c6a79346e4a55586231316e3146594c485373716632616268644f70665545387254376431303135314e6372354f3653716e634979646f574844472b6743366f67646c516c4461776343656d79354542456367653567657a6f572b6934386263724a6b735132354e585242735171715938384c764c37713472522b506b755853565471556c774850432f7744694d2f757072614a72414b6d6d4a645476376a63743930306a684f364b6974766b71703671364257437233566767734f694f364946562b635a5547304f4245764a7147756a2f6e684835466233587a3377526b4c645a794d7a3830447372364551536949674969494349694169496749694943496941694967496949434969416949674969494349694171754f4f364572772f454869413353734c61536b6a4531776e61584d424f30626635695037494f38314e71363161576f7648754e514776634434634c64337639682f646158762f4142543146657171527448554732306f36527844346a376c6557754e66565857736657563951366f6e65636c7a6a303976494c6973487a6e304839304871725478443154616e744c626b36706a427959707748412b6d656f57374e4961776f6456323454514f456454474d5477453773503977766d67676a6f5375625a377858574f34523139424f5970347a6e49364f486b5233434436724255727a756a6457556d724c4f797268495a4f776373384a50784d642f6c36723053435552454245524152455146436c45454b55524152455145524542455241524551455245424552415245514552454245524152455145524542455241554b56523535574f6435416c4238743851482b4a7275364f2f343558524f324943375456386f6d3164635a4163677a752f5664573771505a5551566a48565a484b6d41676c523355714f36433456537242515546584c3365694c6253616e3035644c464a67566b512b305570505534473443384951633543394e70473578324b393236394233775276354a32673941646c423744687266387671744a616c444a4b4a7253574d7150756b4835642b793870722f54597331346456556c4d59726456452b423544305864635678465633476c76317467444b575163676d594d4237757556323144636f2b4a326b5832616f4d56506361454230546e48416541455635445432722b53326e543134695a56572b55346a664c7561596e75303967757676326d617254307a535874714b4f594230565248753134492f4a64505530373661706c676638306269303439502f4150693743432f317364706b745433654e53764f7a58376c6839504a456461635a554b546a4f7855494741705052464249515663714b3556523143444b7759434f334f3673336f713953674d4a61375062757558535676324e3542627a77536250595473754a6a5a476e6c474d62494f64583044574e4654534f4c36593948646348794b36303931324e76726a524f504d504570355269534d2b586d464e79746a59593231644937786157546345645765685648577177364b71734546683052337946416f6435646c42376e673038733133454239364a77583061766d76684534743467306742324c58412f677670516445456f69494349694169496749694943496941694967496949434969416949674969494349694169496734395a557830564a4c565445434f4a6865346e794179766d532f5857612f58757275633769544f386c674a2b566750776a3846753769766448577a513955497a68395552414e2b7a6a762b53304343317263754f41416778756279354a4b776d6f613132414351717953756d64675a446631554269444c343748374449393164725134395678334d7a305657756b6a4f784f504a42366e53576f5a744c616770376731376841357a59366c6f364f59543178337831583072464b79654a6b736267356a32687a58413542423646664a6a4a424b7a42477847362b674f45313364644e443030556a7936576963366e63536438446475666f522b434432796c51705145524542455241524551455245424552415245514552454245524152455145524542455241524551455245424552415245514552454259716b38744e4b664a682f525a56783631334c513142386f33483869672b5337752f784c37577536356e662b705848505257716e6d5734547649334d6a6a2b6171376371694f796f3771726b34436f53676764666f6e64534e696f4f78515a4f797170427946556e434356334f6d36534f75715a37624f53307a5245782f3468754630335663796871584d71496e68346a6d694964473839435232506f6f505a57477668314e59763841516d347546505577764c714b5a78774f6366646437727a4452633948616a623438543461696d654f5a683244786e387756327437747466634c654e574e64417954784132574b6d4248686b6448624c73357a427846733062327a6b61696f3263706965514255734838767169713669744e4c72455031427076777739736561756a794775595239344475463449344a3242424732437553795776733159397258533073375357766275302b784337533430314c58326d4736572b4c6c6c62384e58474f7a763576596f4f69524431524553716c575658494b6f3062714d724977494c394171594f56636e6243685546436b3946584b4351534f36353176754c71423542416b70704e6e786e634c7269564c486c68774f6837464232647a7472574d4664516e784b562f77434c5051727173355859554e644a526c7a47757a547962534d49794657746f68453054303535346e6658434469446f6e716f42424f464a47415642362f684f636351714831447630583075766d586857376b346732386e755844386c394e446f676c45524152455145524542455241524551455245424552415245514552454245524152455146436c566363494e5463634b39706a74647544686b79475a777a3241775031576e70737564794875563744694e6542657462566b6b62772b476b2f634d506249366e385634384f35356e4f5054736741414c493250495574614351755a4845433142776e52594378456262726d7974774346784867676f4968504c7a44386c7458676663544664626e616e48345a6f57314c505174504b522b592f42616e42355a41657939546f69366d7936777474615341777965464b664e723976794f45483071705651636a5a5751455245424552415245514552454245524152455145524542455241524551455245424552415245514552454245524152455145524542635336486c746455377968642b693561362b2b76384f7831722f4b42333649506b715465736b2f786e39564a3671726a6d706b506d347153714963714b355645414937716f556f4c44594b434e31494b494132434542324f75664e464f536f5052366131625061494a62625542736c4455416877634d386d652f71757571596d556b7a612b315654734d666c7061634f59657858584541395579514d4e4a487367395446634761317142426571706b4665316e4c5431495a6a7844354f78315071756a385334324772714b4d67784f5077534d493263467743376c7751534841354248566375757574526333527671694879527344512f47354871673468366b2b614b634b454251375a4356556e4b434f70575a6d7a566961737550685143643056565a554f79714663414b68366f4b6c517063716f4c78794668333342374c6d556c55366d6351666967667335766b7541727364325064427a712b334f706d4e7159527a30386d37584474364663492f4b515475757a74567946493531485644784b4f625a77503366554c486437552b3279687a58654a54796a6d6a654f684367375868752f7739645731326366764d4c36684852664b4f6a6e756a316462584e64796e78322f717671356d37472b7943564b496749694943496941694967496949434969416949674969494349694169496749694949585261307648374330705831344f4873694c592f385a32483572765671546a666665527476736254384c7331552f734d745950784a2f41494e52545064457a42646c37386b6b39642b7057474d59574e377a4c495875327a3257526e56427934686b686335757a4e6c77596a676a4b35496b77454553444b34736a6431795449437345726767346b677a73737345784c65546d78494e326c593348645979514838774f43434e3048314c6f36384e766d6c364375446735376f57746b78326542676a38563369314c7754757063797574546e48417850475066592f6d747442424b4969416949674969494349694169496749694943496f5153696845456f69494349694169496749694943496941694967496949434969417569316e55696b306a63356a3267642b6937316553346e5365486f4b35487a59422b6144356c5963796b2b655372446f71526463713556454b68566c557143464b68546c4259496f42556a636f4a776f556f6773464342536778754736723356336268557a7567794956414b49494b6f726c564856425a677956636e434e43676f47464f4641557169335a597536796a6f5669507a465151564348636f674963496f4b444b78325279753348596c647a61726e4532423174754f5855386d7a486e66773130672b5657613446764b376f6737323230547250712b332b4d5149664861356b6e3353334f78797671574a776443787749494c526768664b3975725961756e2f41475a63586e6c412f7742576d50574e33595a386c733368337232653231444e4e616a6c504f534253314474775165674a2f516f4e766f71672b7173674969494349694169496749694943496941694967496949434969416949674b45516c424277766d66694a635a7272726136537a4e637a777044417872686768724e682b505836686233314c72657836585a6d3456575a535068676877365233302f7a4b2b664e5a616a62716a556c54646f7150374d79526f614745354f42734363647a74742b71446f3242717a4e4452304b77743563753249774d6c4e6a676a6d335163734f413768535a4f774b3452446d6e4754395659462b4f6f413955484b4d6e717362335a437846354148784171704c736375364358754139316879584f78324b79414d64387765537278694d4e6468726e4670365a51657934615856316f316c626a676c6c5354547561503675682f46665267786a71766b4e73395246554d71595a48785352454f59574f77576b647756372b7738586451327a776d312f6833536c47783576686c41394844716663494e2f5a557271724266614c55567169754e444a7a527964576e356d48754436727445456f694943496941694967496f544951536f5449516b6561416978476f6761376c4d7a41664c6d4756626e59356e4d48416a7a42325159366d706770497646714a6d524d79427a5064675a4a77466d6151656879744e3639764d743631585330397272444c53555750486a4568624735344f534e7570486e3572596d6e6233465555554d457258787941594265376d7a39537272704e7652496f436c5252455241524551455245424552415245514552454245524243385878616b354e42566f2f6d4948357232693842786c6b354e45534e7a387a7745487a764633567956534962465856454b6a6c636c554b6768436e645355414b79714664424756495549436773696a4b6b494243786b4c496f4c55465771536f36495546547570614e3044636c584463494a42776f4b6c45454b56436c555848525948664d566d48525954387855454969494346464343344779677151646b37395546673446754f684864643962716d4337774e7431612f6c71572f77437a564a4f4d487343563064484732657367686b6479736b6b6178784859453458703962614771394a5645636a484f6e6f5a6744464f4230506b6656427372687a78416c664e2f6f337147546c72596a79517a50503855447354352b713269446b42664c6c465574765545634d6b706975644f5038415635676346344851452b613239773431383637734e6d764c684663594d4e6158626549422f6442735a53716771794169496749694943496941694967496949434969416949674969494b6c6551346961766670657a41556e4b367571695751672f64383366526576643079766e336954656a65645a7a7359374d4e442b345a6737453958483855486c4b75536f7136695370715a58537a796e4c35486e4a506e3946773549637a7367427a6e346e466379527845654f354f41734c526d666d7875357761505964554747534d744d67376b3456755673635942475432584a494179346a715678336e4c6e487345484665447a3436354251596134452f4543416431594e793976726c4448674d396b444c4a495130354432395049724b47486b41786c324d35574d516b6a505443354d5a32506d4e736f4f4b3568456a6e6551435a4c5a6735673263334f504e636970694f475362344277665642447a486c47784878742b765a426a6177695478572f4b5735366450525a4952794d4278384c766943795174446d4f5952674f7971395958522f796a5a423676683971742b6c74524d456b6846425675444b68704f7a5364672f364872364c364a48544f6372354b6269515964766b594b2b6875476c2f646664473072706e383152534437504b53636b6c6f47436663594b44324b4b464b41694b4545714579717563476a4c6e41447a4a51575851617731524870537a66626e52654e4935346a6a6a42786b6c5a626a7161686f5157736434386f48794d2f7556714c572b76612b3874464255572b436e6a686c624b446b756343446e327755376953766632505849757a586c38384d636b544f65574e752f686a314b365869567261656974394642624b726c6257427a6a5551757a6b447344357279756c376c4c56616b6d756c46524d7a554445305457356153526a59456a41322f4e645a725371747338464454306354346a54506b2b30553579664465585a4f5051396c7255306237656a30357143707072315432657570356a4e49415854535964676b41672b6f775636613736716442616235626e557374445630644f353465346a6c6c596467357048646130736c5a56336576684171587853553743364f517635585a62674e3378304132333831332b73376e5552572b70744e7961585646564531375a3438486c49494c6f386a37704f546a73724a4e47336d37425743436f2b30764a354932672b65332b61326c61745632656e744e4c5831636a323074512f6c44697a504b665879577037494958326d72704a4d746b6b63787a4a527541476b38333468657a307258326973306a50594b7143526b6b78644531386a4479744a7a794f7a37717a345374795150624a43313748427a534267673579466c584173644d2b6a7374485453754433785174613577364567645632433574434969416949674969494349694169496749694943496941745763645a537a54314a474467506d332f426253577075504c774c54626d397a4b373945476b6f2b69735653506f726c425656566c564256536f7770514f36754473716431596445455a5567714473564951575571417051464b674b5546534577703352424143736e5a526c414a55496941704368534f716f7352743157416b35575a787731595364314247564b4941674b4f366c5056425964453251644649335154537535617546336c49302f6d767169657a306d6f394b52304e61774f6a6d6761416362744f4e6950554c3556692b476f5a35427758317659547a574768502f414147666f672b6174573655723947586f7753637a6f676561476344715037465a6165726b764c5936716d6b454e327063467061634755442b362b69645236646f745332715768724977376d42354839326e7351766d7a55756d726e6f32396542506b454f356f706d3577345a3251627834656139683150534368726351334f415965783233506a7546376e495879395331637459364f37577954375064715538306761636549504d663343336a6f4c58564e713233426b75497268434d54516b3966554950596f6f7970514552454245524152455145524542455241524551455251554858582b354d74466972613935774949585038417932587a432b643874515a70446c386a7939352f714a7956756a6a4e645254615a68747a486b5356737742415033576e4a79744a4f4a38556739696779564473534d32366271723341546a6c374d4a4831536f2b64336f4652342f316b657361444b384f4d5444364b6e682f756e487a584c6747615a75523256616a41674f32454858526a39374750645764677967443772514559384e47535069775150717167637368485847454759445a3371315859334151443454374b34417767747969534d73506b736277596f575050567033396c6d6a4744757364527577743877554544345a2b5873647773414f4b68777a735173726966446a6b37343357422b307749376f4c4d794a4874373875517468384762344b4855636c716b642b367545667765516b5a6e39526e386c7274704832776a7a5975625a712b5331584b6c726f7a68314c4f325159473547642f794a51665665634b56677061686c56545256455a7932566763446e73526c5a6b42566335725153534142314a584875467770625a527956645a4d3247434a755850636569316266745856742f644a42487a5531764a7749686c72354235754936412b51566d4f3074303966643965554e495851322f6c724a675330754473527449387a332b69387a5533793458516b31565153302f37746d7a52394f363839474d4e41614f566f3241485142633241386f38683672766a68484b327577626a6c334779383971713155786f704b726c784942313831335271596d4e775a423946784b36576e726f444449484f616d574f3453397650364776316c7331626935534667633466463457515066757533317a543279637a563947476c7332484d65473435736a3157476b706264525443574b696a633976523068795156653656626139675a5565454764734f337973657654652b336d394d336d335769754d7456347251356e49347361446a346d7550587a356366566578317258554f70376454564e6b66396f445337784863686134656d4630644c535771435953757036655a7736654b655966686c6478553669634b517442686247306643324d41414b5364646c2b5776366170714b5752395038725365556a473632546271614f7274504979747148565a77324747616e4c47633447634232414d2b6d56727a7857564e7864556b2b453079623447667833477933506f614d696c6963366f705a485063585045556b6a6953546b48447475696d4b31363354384e625432576e69754d6a5a4b7072635346765148792b6e52646d714d47426858574667694969694969416949674969494349694169496749694949576e4f506b754757754c7a356e4c6369306478366c7a646264486e355969667a51616f594d4433566c5668325675364346525a466a6431514552454171573771436a536748356c49554871705158436c514f695a5153455149554570684551536569717055486f676846414b6c41553931436b64554233525953737a697352366f434969416e5a45434377364b554346425148347766566657656c332b4c706d33753834472f6f766b73374666566568336d54526c7264353037663051642b76503676306e523672745436576f61424b3045785364326c6567544344355075747275656b623636435a726f70346e5a592f477a682f64647653567232314d57704c484a345666546e6d716163625a387942334257384e63614a704e583273787561324f726a47595a7362672b523946383631314463744b337431504f78304e524137364f483977554830586f6a57644872433143646845645847414a345364326e7a486f76555a587a4e51334b706f71746d6f374154464b773571615a7032486e676552572b4e4961736f7456326c6c565475445a6d6a45735764326c42364a46436c4152455145524542455241524551455245425165694b72334272535473414d6c426f7a6a4263525661766a6f3275793269684752354f64762b69313658347158672f7a4264727143356d3861697556774a7932616f6479482b6b48412f494c70706a69764872676f4f524f527a50506f6f492f664e503841516f6e32352f5a5a434d7559372b6b494f5454757a414235624b6c58764746464d37345844794b5654763353446738765433556e61596f4f6f39314d6e3856333051636a7437745668315654386f5039425668306237494d67374c47374864577a3672464a76335154674744486b754d3859633330584b417847467870656f5155422f313175664a5a6741376e486d46787a2f7454665a5a322f4d342b7944662f4369384735364c70347058356d6f7959585a36344854386c375357566b4d627048754457744753343941504e6157344c3362375066717131764a41716f76455950366d39667958714f492b6f5474594b5751687a7748314c6d6e634e374e2b71736d307431486e6456616c6c314c6343474f35626654765067732f3778777a385a2f73463162487444573537663841344677387469426335776130623550622f6d76533250524e32766b546167346f71522b375a4a576e6e63504d4e376656642b7359353632365a315879486c614e2b324e79666f75666272446637772f4e4c6235574d2f37326234472f6e31577937486f3630324f4d474f457a314750696e6d2b4a782f794873752f4141417773586b2f6a55786136704f47747765334e5a6334342b6d477773795239537531683461576875445531465850356779386f502f707776596f75647971366a7a386568744d73417a5a36642b4f386a65592f69566e476b4e4e675946696f502f6c322f7743533770517075713659365130332f77446f567638412f6c322f354c42553645307456526c6b6c6a7041442f497a6b50346a4339416852576b754b656b724a70326b6f5857656a2b7a7a3145704473504a4241486b53563666687270574b6c6862637061326f6d6d41474745346133497a3037726838596931745a5a58534d4432423773745051374c302f4475526c5270787451794273484f386a6c6153656d336458365376564159566b5252524552415245514552454245524152455145524542455242425767654f63786671326e697a73796e48356c622b587a7878736554726f742f6c7032494e6674474146627571673578364b336442425643726c554b416949676430485645514f726c624746556456636f41524170514170524d6f4a524551464475696c51376f6770325568526c53674258374b696e4a77676771683671585a55494349694167366f6f3768426b4349336f6f4f636f4b4871767166682b633648745a2f34446630587977657058314e77392f37445776384138687144307149694346343769426f576c31626248506a594758434a704d4d67324c74766c506f56374a564c63676739304879573139783031643549703433517a7775355a596e445a33754f34586f625a65703742584d31465963696e4a48326d6e4a7942352f526259346938504b6656564b61326e2f6458474a7077356f794a4235466146696c726242635a494a59334d63306c6b305478733465794436653031714b69314e6149726852534168772b4e6d64324f37676864786c664e756e723955615275624c7662484f6c743078486a774139504d4c36417364376f722f4147324b756f5a512b4e3442497a75302b5251646d696a4b6c4152455145524542455241524551515630757272694c58705735316d346448545049506b534d44387975364b3844786b7266736d684a4967346831585552776a48635a4c6a2b5455476949775730347a317875755055375663542f414441584b48384e63577047384c765843446b546e5a7839466c47374765797854627875396c6c6a4964464766544342413744334254564834466a6a4f4b6c777a3156716b3577505242783237754875706c336d64377048387739776b67496c64376f4f514e324e78334255352b4276736f5a387252364651446c6751546e5a59336c58564a4f6f515a5166335158486c575948344d4c46494d6f4d422f32686e7373376572766f754f3761646935415078755164707079347a576e5556425877676c30456d5342393459334258704d5664787562334e696b716132736b4c2b566f4f58456e3867504e655674737345456a35705841466a666742485572652f44757a322b6e303942644b664d7452584d44355a6e376e2f41416a7941386c76484b534d326259394c36436774375731743161327072547547455a6a6939414f353956374e726344474d4253473455724e74717961464b496f71464b49674969494368536f4b445658476c324a62502f414f5935657134627435644a772b723348383134376a692f6c46717831624956376e51624f5453744e6a754d2f696739496968536749694943496941694967496949434969416949674969494979766e4c6a513850312f4d423162437748384639476c664e48466d58786549466163357731672f4149504868536f436c414f366f724656514552454245554871677331575052566172486f67446f70554253676c4552413771564864536767374b4430556c51676f704367395649515777684f45376f65694368334b68443152415251705145376845436f754f694651506c55456c5156505666556e4474334e6f57312f77446b68664c5a58302f77796358614474756438526f50567156436c41524551567835725850453768367a55464b363532396a5731305179344159385142624855467551672b534b4b736d7456552b4364684c435332574a772f466571307a7169665264796a724b52356d74645134654c486e504c2f7a5875654a33445a6c786866654c524547314c426d534e6f2b636561307842554f706e4f7070326e77796557527037495071363058616a766474687546444b4a495a526b45647651726e5a587a726f765764526f71344d61365630396e71546b747a386d65343956394155466654584b6a6a71365356736b55677948416f4f576967484b6c415245514552454245524242576e4f4f3165545657613342327a524a4f39766e3061302f2f6374786c6143347a31586a61356243656c5053735a6e334a642f6d673855503459584771446d4668386e726b67667567467870526d4351655467677a79444d4a396c616d4f616344794b71546d456565456f58664134655343446b56587572546b3877486f71762f7742705359356639454649766d2b6f55796e39346663704638333155795935732f3146426c6a364e2b7167664a374649766c5a376b4b5845594941376f49425550475647554b437a547468556365766f7079714f36494d456d307a466e487a752b6977536678576c5a67666a5073677632573875444e7846566f3830626e5a6b6f35334e49505948636652614d4f4d62725a58424b756446667136684a4a624e43486a334277673361696a4b6c4152455145524542455241554b5642516164343445506c6f6d6737786e6d577839477435644c55507247437459385a58383130445035596d6b6669747036576279615a74342f344466305164756949674969494349694169496749694943496941694967496949494b2b5775496b786d317a636e48744a792f6776715233512b792b554e5a532b4e712b3576472b5a33424231415571427346495143714b366f67496949436739564b68424c5663716a46633945444b4255566d6f4c424d6f6f5157514b464b4156436c51376f6770314b734641436c424b7134344374325648485a42584f555149674b5552415149675157374b71743255594b4370583070776b6d4d326736544a2b556c712b617a31583058775a654836486a414f655751676f50667156436c4152455146436c4546434d39656e6461643470384e335a6666374c427a6b62314e4f305a4a48647748367263697135676343484145455949505168423869303030727639576a6a4d786d4f4778415a4f543565712b676546326d4c6e7079794f2f61557a75616f773573424a2f646a4854335862572f682f703232583257385531433056456879476e425a4754314c52324b3949426842495571464b416949674969494349694343766d766956574f712b494e7a7a67694f52724734386d74412f7556394b46664b65704a66483162644a67376d447179584238787a4848396b4749667731786e444c4a52364c6b4e2b54364c423936516569444a4763776a32574f6c6479794f437642765474394175507a466b325167354a504e4a7a4b7239334832554e4a4b736637494a67362f56512f2f415032567166356c563532506f5547574c62482b4a53345a424b4e774866384178496338705159304b4967674b7275717353714f4f3644464c2f466237724a2f76543742596e6e4c3272495469583343433432473639587776724253362f6f53357861325a726f2f636b62666f764b59797552626174317575644a5773635775676e592f49363442476679516656774f65697373464c4d326f70597032484c5a4742775075466e514552454245524152455146436c516730667862667a616f6d596567706d456669747536612f77437a647638412f49622b69302f7852506961356c692f6d70326a483157343743336b735645337069467636494f7852455145524542455241524551455245424552415245514552454648374d643746664a5770546e557478502f4149682f3672367a6e6479775064354e50364c354a767a75652f3137764f6433366f4f45446c5346567173714956565064516f434969416f4b6c51554573367135364c473371723951676853315152685331425a436946424b4969417175364b56556f4a4852416431584b6c7656425a5563725a77714f4b43455149676c45516f49516455516455467830556c51464a36494d5a3672662f41414d4a4f6a706754307158592f414c51423672663341732f774456476f486c55752f51494e6d4b56436c415245514552454245524152455145524542455241524551455245474f5a334a43392f5a7253542b432b5248504c366c7a7934756335784a4a376b6c665665704b6c3148707135314c546830564c493465346156386f4e2b634850586442324c506b584748385a3371466e69634d4c453761624f4f6f514b592f7579504a595a4e6e3557536e64687a6d2b52564a323463536775773543796e6f7550476366565a382f4367795144632b79785048774f4b7a51444150737362783844683568424c3969505842566d6e6d77314d637a4d6e726856697a7a424178676b65536c53385965557767786b6272475475566c643157493955474e3238675752333856767146554439356c5763663372665a426b5546764f3074506349703768423948634f626c2b3039455736597579356b666875333774325871567133676463524c5a626a6253527a5531514a415036586a2f4d4662525153694967496949434969416f557143673052784a655863554947412f4f7872567532324d4d647470324837735948354c526e4543546e34713070386e73483572664e4f4d5538662b45666f67796f694943496941694967496949434969416949674969494349694469334a2f68323270662f4c47342f6b766b613479654c63716c2b6338306a6a2b612b744c3263575774506c43373946386a543731456e2b4d2f71676762644579664e4f79684152455145525155457145436430425a4230574e574251535543464167736949674b56434943713557564367685761716a71726f494b6f56633946524143497051454b4955454a33524f364337564a5542536569444765713331774a646e533957337971442b69304b56757a674c5545304e7770383742346367323870554b55424552415245514552454245524152455145524542455241554b5551655a3469564a70744233655276587743332f3145442b362b5951434a4150494c364f347431546162514e5977395a334d6a4831502f4a664f582b3943446c526e41523238674953506f685078684269596557647739566c6c627a4e5742337731423956794163744151596d4441437a44355173626867674c4a3542426c693648324b6f2f6f34656976467331337371764778323749444d2b486b2b536f447938704379593559572b6f5741394548496b647a454f54746c566344345163713832514542367864316b64305749395542767a6c482f7741527144356b6b2f694d51584a777036685550554b3266564237376778586d6c31744e536b34625755704750366d6e492f4c4b33304d3433587a506f4b63307576624e4e7a386f4e52346276586d42432b6c326f4c496949434969416949674b437055486f672b667458763866696a532b597151302f69742f786a4562523642664f393066342f46694e7563387466792f6d766f6c76796a325157524551455245424552415245514552454245524152455145524548573667634761667233486f49482f6f766b6951356d65664e785831687131334a705735482f77414f373946386d39546c42593946437356564152455146436c45454a3355714f36417042775643494c6e666f677967364b55456f6f556f43496943465571796739454651466456414b74325156637171584b7143564b674b5542455242434471705164554667634a6c434d70684251726233415759437275454f6479304f7774516c625334446b2f365231772f34412f56427668536f556f4349694169496749694943496941694967496949434969416f4b6c51554773654f56527961616f366348486931472f77424174465a7a4b43747663654b6b6d6f74464b48625965386a3667426167475449436735624f696e3777554d32436e6f554747622b5076354b7a54384b72502f4542554d4f4d6f4d7250696350525a434e3153486f3579794471677645666764374b48376667724d32696556562f55447a4341546d4670386c6a50525a476646436652593862494d724d7567493867734c506c7973314f65725433574544424c66556f4a6430564f3675547373666442493671482f4f7857565a50346a4542337a59514864512f5a36453768427a625855746f62316236787877324371696b507348676e38677671344666496b325443665a6656396c7250326a5a4b4375476638415761614f586638417161442f4148516335455241524551455245425664305073724b6b68355933487943443530675961766a4c797333786353666f4639476a594c3533306f4450786d4a383671512f71766f67494a5245514552454245524152455145524542455241524551455245485136326679615175527a6a397735664b522b59723664346e565032585131652f66346d6876346c664d5343784b6845514552454245524155454b555151694945466756494b714659494a436c51464b41694967684475454b49413243676c5371755151565657374b7141465a51705146436c51674b516f547567734370797168536767725a76416b34315457447a702f3772574a36725a6e416f2f396261722f414e322f75673338705245424552415245514552454245524152455145524542455241554653716b6f4e4238625a684c724f474c497846536748666f535356726766785176586354366f566576376934484c5746725062414338677a2b4a315163317679715655664b70627555474770324c666456616479723158527039566a472b50556f4f56474d5244314b746a415541674e6150494b657943376634443145672b494430516255376b6d794844325149746f6e4b72747365796d502b4535513464505a424d477a39314575424f3748516e49554d4a424b712f3567676b3946547572486f716430467830574f585a37566b48525970766e61676d585968564a3243744b4d674659383759515a585a4d5a413768665448443672625761437373726675306a4938663442792f77426c387a73494c51637265334253742b30614d66536b6e6d70616c7a642f493449516247524551455245424552415743726479306b72764a6850354c4f7548646e636c70716e6555546a2b53445176443469666a41583966336b726c394368664f2f435947666961325944626c6c636671766f67494a52455145524542455241524551455245424552415245514552454867754d6a693351632b4f386a522b612b63563945386170417a517a323533644d30666d766e5a424b49694169496749694943496942685170554943733071716b6455467770555a52424b496943704b42575242436f37645779716c4242554b5643435170554253674969494745524541444b6b714164314a515657792b42592f3633565870544839567251725a33416b5a3156566e2f7741502f64427678536f556f43496941694967496949434969416949674969494349694171536b4e6a63346e484b43565a6347395641704c4c577a6b34384f42357a3943672b573951315a726451313953546e784a334838313162542b385756372b647a6e2f7a4f4a2f4572457a6552427a472f4b706231554e2b565762315159716e35423772477a647a576a757374562f43574f6e627a507a3544644279573771335a56614e77726e6f677566396e50754653632f4639465a3338443668556e2b5a41707a6b4f6235714e38344a55552f3854436b6a443365364372666d563557454e447656567741566d66384146426a793351594f7970335667636856376f4d67364c6a7a6e446837726b446f754e556e70376f4d722f6b43776b344b7a453569574137494d6b5242433278774d726553353357674c2f346b544a5774395153442b6f5770596e62723366435374464a722b6e6a505370686646312b76396b48304b70554253674969494349694175757637755777567a764b422f36466467756e315a4c344f6c726c4a3555372f774245476c75436a532f58457a2b7a5958666d56394168614d34457768392b723573627468412f4572656143555245424552415245514552454245524152455145524542517055494e5a38635a4d6156695a2f4e4d466f45645676586a744b47324b6b6a2f6d6c2f52614b4856424b496941694967496949434969416f557145425346436b4864424b7346565742515369495542564a517543676e4b434d684642474e314b41695a544b41694967496949434969414f7164304349494b326a77482f375356332f414c75503157726946744867502f326a7276384133636671673330694967496949434969416949674969494349694169496749694949586c754a6458396a3044644a41634f64467944366b4c314b313378737250732b696d77594a4e52554e47337075673041646d7173587a71586c566a2b64427a474b3456476c58434446552f77414571614a755970586a304369702f684f396c79625a487a55447a33632f2b794372656f566e49574f59376f683337494c50775957672b617250383241725344344978356c524c383551596f4e7067727648377833757178593859646c65542b495546466d614d7378364c46685a6d6a6f6734754d5a437233575355637372683572486a664b432b63426361704f32665663676e4c5678616a647631515a32377868596e6463724c4476435050437853644d494b4d4f4872304f6b7178744271363156546e466f62557442493869634c7a674f484c6e556b3567716f5a78316a6531772b6842516657344f6477724c6a55452f7742706f4b6563485069524e642b4942584a5145524542455241586c754a452f77426e3050635844624d664c2b4b3951764638575a417a682f5865764b507a51654934434d503279364f50546b614d2f56627243302f7745697854584b5848567a517477494a52455145524542455241524551455245424552415245514552516731467836642f714676622f7741512f6f744a4262703439452f5a7263503669744c494a5243694169496749694943496d454251724b4d424243447170376f45456c53416f4b6a4a38304630554253676a4367685756543151515647564a554549435a514b53454542536d41416941694b45456f6f524249367156436b626f4963746f63427a2f414e5a613066384168782b71316537714673336753542f705457442f414d502f41485162395251705145524542455241524551455245424552415245514552454546616b34373154685257756b424748534f65666f46747339466f766a6e55462b6f71436e3569577830786352366b6f4e58504f79694c64796c35796b587a494f55315a4230564172646b474f6f2f686e325859576b663948732f784664664e7647665a6470616d34746244356b6f4d72343239567770646a6b4c6d794f7775464a317967504f50434871717a664d53706b2f695242524e387851594166336739316c662f4550757348535559584a6530357a6a315156783851437a41594943726a4a427770615358644e6b474f714743302b61775a584b716d35687a35466352414a77467835766b4b7a4f574758355547576d4f597746535872684b556e6c5075706b366f4d574e38724b44384a38384c47527572743251665432674b3174666f6531544232534941776e3147793947746438464b3737546f78314d585a4e4c4f3575504948636633577845456f694943496943437641635a702f43304c4b7a2f764a576a3831373961783435536c756c7165504f7a35786b494b3843344773307a56546a712b6648344262525775754363515a6f6f75783838376974696f434969416949674969494349694169496749694943496941694967303378372f414956753979744c686273343878504e4c51536870355134676c6154376f4c49674359335145553765696a7a33514557616c6f716d746c384b6c676b6d65667573615356366d30634c7454335a6865326a38426f3779375a516551557441494a587436376844716d6a6a4c784179596554447575676c3064714b4678612b30314f523177776b494f6f776d4d726b545775343068496e6f356f2f38414577726a486e5966696152376a4343434d497242327968322f6f67674b5647523571636f437343715a556a33515752526c4d6a7a51515656535345475056424c516d464f53343461306b2b6758506f745033693475446153337a796b2b5443673638394643392f6275444f714b2b4553797368706765676b647638416b756644774a767a6e2f7671366b59337a424a4b4457434c614e56774c766351483265757035766649585158546862716932444a6f2f48623578376f50476f4679616d6971714a786a717165534a774f43484e7773445467376f49525a4479595544414b436857792b42662f41477571662f64763772577a73646c754467506132383164636e4138324247306f4e30496f436c4152455145524542455241524551455245424552415245515165692b634f4c6463327434673167622f4150303862495437675a2f75766f35787743664a664b75736174316272433754753675716e6a3641342f736736527974454e3155377138585642795230556a716f6170485642536635666f757a74787862596836483956316b2f79726e554d6d4b466a63394d6f4d38705846667534425a6e757a33574962765148444d7a6652556c50786c5a4d356d39677354747954366f4d422f694263302f4f44327868634e77773446637032655271446d78474c48784e5234694879744736344a65526a645a676367484b424d41364e7778314336386e4f50514c73797745443158567532633465524951516571777939466c4b7879376842576e4f43523572492f717355577a316c63677155524547322b424e626971756443534d46725a5150625a626e587a37775771664131304954734b696d6533366a64665153435552454245524243314e783566693057356d6573782f52625a576e65506375594c624635504c76794b443150422b4d78364370736a484d397858756c3548686a4634576861442b706d56363541524551455245424552415245514552454245524152455146436c45486d4e6336535a712b7947693862775a576e6d592f47526c61577550422f55394330755a4648554474345a334b2b6a796f77672b547a704855445a6a442b79616a6e48626b58665737684c716934784351774d6742485355344b2b6b66445a6e6d35426e7a777242426f4f44675a664834386172675a376272754b4c674f334c545733513748647247726371684230576e7449576654564d4971476c6148643548444c6a39563367474f6e52546853676a43677442374438465a4548466c7439484f4d533030542f38414577466452634e446163755443326f74634f2f5574474376516f6731726465436d6e36754d2f596e79306a383951636a3831354b3763444c704238567472593668754e7738594b33756f4951664b74646f58556c42554f686c74637a6950764d4751563163396f754e4d63545555374436734b2b765331704f3751666f734d6c4453792f784b654e33753049506a34785344717877397755384e2f387276774b2b7544594c533435646271636b2f384144436a2f414565732f77442b6d302f2f4150474548795848533145703559344a486e7961776c646a533656767459356f67746451376d36486b49432b71497252626f546d4b68675966365742636c735562506b6a6133324344353474764272556c61574f6d45564f783355754f342b69396e6175425675676c44376a5853564148566a5279686258415242356d3163504e4d3266656e7473626e65636e784838313643476d67703238734d4c49774f7a57674c4f6943417052454256497a31566b51645863394f326d377775697271474b554f366b74332f41425776727a774f7464564b5a4c62567670516675455a4332716f4b44514652774f3141326374687161643865646e456b4c6c556e416d3576642f725678696a4839497974367068427157693444304d637a58566c796c6c594f72576a47567369783247673039626d3056766945636265766d543672736c4b43464b496749694943496941694967496949434969416949674969494f5057792b44527a795a787978754f666f766b65766c644e5831457a6a6c306b726e452b354b2b704e5a31676f4e49585370646e444b642f5431474638725951567a6c5a492b7178724e4541677a4e79725949526f566b474b6235506f7339456638415657376443637242502f444b7a304f314f42366f4d335146517a353871376d3556576a443045342b4e7843776b5a4239316e78676e3157487551677776433549336a62374c424943417551775a69425155634e7773774777434f676b4c413972636a756f614348454546426b626b6b444b362b6f6279314478363558594148795842724152554849334943446a39466a65736a7569786e665a426a627449737033574c6f344c4d6567776771696e6445486f7548315736693131614a512f6c4471675275395164694639506772354c737a2f437664424c32625573502f77425158316a4734506148446f526c426b524551455245454c53484865594734554d4f6477306e433365764138514f4735316a565131554e57494a5978796b4f47515167377668387a6b305061783577417230693636785730576579306c75442b663750454746336d517578514552454245524152455145524542455241524551455245424552415245514552454245524152455145524542455241524551455245424552415245514552454245524152455145524542455241524551455245424552415245514552454245524152455145524542455241554b564251654a34755637614c514e577a414c716c7a59674d34366c664f6a68766a795735654f315952545771674763506b644b642b75426a2b36307964386f4b593357574a59316c69516367644649367141704344484f4479624c6b555178546a33574363346a584c706d3468622b4b444b315644666979736b626371346a3336494d574d67726a7547484c6e6d4d5958486b69497963494f4f39764d4175524733393041735a627468636d466d5145484a706867626a364b3732747a6e6c43694e75466434796778686a504a646264574153527641366a433752725677626d334d4950647051645135597a737372316a6367786b64316b614e75716f37706c585a3051536571717248716f515a496343614d6e7339702f4e66576c76496662365a7736474a702f494c354a2b36543347362b71394e536d625464756b4a795855374366775164716949674969494368536943464b496749694943496941694967496949434969416949674969494349694169496749694943496941694967496949434969416949674969494349694169496749694943496941694967496949434969416949674969494349694169496749694943496941694967496949434969416f4b6c51647767306478746e644e71576a707a6a6c697053386535642f77416c724232787833583072716a68355a39563159724b347a736e6248346258525077414d35364c586c7a344633534f556d32334f4365504f7a5a326c72675063494e56674c4e454f3639792f677a71357077324f6963504d544b3858427656782b5a74453065737638416b45486965716b44625a624467344b3669666a7861326869486f484f584b6277517648653930725236516b2f7155477235686c6e31584d69633173625134675a4779324b6542747a6438313970782f2f4149352f7a58734e4563504761597071754f34537758423837327559347734354d416a472b664e42704f4638493679414c4b5a595334427269346e6f47744a50354266535974644142745251442f384162437532676f326e4c61574548305945487a6779496b676d6e71442f415073502f77416c57616e6e65447930565566616d663841354c36573843496449322f2b6b4b6644594f6a472f67672b577a5331593630465750656e6350374c4932566b4f477a4e6b6a506b364e772f73767141787350566a543946696652557368792b6e6964377343443571465641426e6e475059716a71326e4a2f69482f414e4a2f795830714c5a5144663746422f77447868572f5a39474f6c4a442f3641672b5a323163626a68726e456e73474f5038415a597171526a6f58736348687847774c48442b792b6e6851306a6432303051506f774b6b6c425453744c585530524468676773473451664a77592b58496a59353548586b61546a3846595564564a386c4a55503957784f492f5266556470307a614c4a433647333045554c586b7564384f5354376c6469326c675a386b4d62665a6f51664930745050454d5355387a44354f6a49565774646a2b4738662f43563963766f366151356654784f393241717074314734594e4a43523673434435494c674e6e624831436e493233472f717671326254746e6e503732325572382b635158426e304a70696f59577957576c77664a6d45487a5862725a5858616f464a62365753716e634e6d526a4a2b70364266546d6c494b6d6d307862344b7545777a78776872324871434665306162744668595757756869707562356930626e363956326f515369496749694943496941694967496949502f32513d3d, 'image/jpeg');
INSERT INTO `questions` (`id`, `title`, `category`, `user_subject`, `id_author`, `pseudo_author`, `publication_date`, `category_id`, `image_data`, `image_mime`) VALUES
(36, 'test test', 'Cybersecurité', ';-) et &lt;3', 61, 'titi', '2024-02-06 09:38:40', 0, '', ''),
(37, 'test test', 'bonjour', '&lt;3', 61, 'titi', '2024-02-06 09:45:14', 0, '', '');

-- --------------------------------------------------------

--
-- Structure de la table `users`
--

DROP TABLE IF EXISTS `users`;
CREATE TABLE IF NOT EXISTS `users` (
  `id` int NOT NULL AUTO_INCREMENT,
  `pseudo` varchar(33) CHARACTER SET utf8mb4 COLLATE utf8mb4_0900_ai_ci NOT NULL,
  `lastname` varchar(33) CHARACTER SET utf8mb4 COLLATE utf8mb4_0900_ai_ci NOT NULL,
  `firstname` varchar(33) CHARACTER SET utf8mb4 COLLATE utf8mb4_0900_ai_ci NOT NULL,
  `gender` varchar(10) CHARACTER SET utf8mb4 COLLATE utf8mb4_0900_ai_ci NOT NULL,
  `email` varchar(100) CHARACTER SET utf8mb4 COLLATE utf8mb4_0900_ai_ci NOT NULL,
  `pwd` text CHARACTER SET utf8mb4 COLLATE utf8mb4_0900_ai_ci NOT NULL,
  `birthday` text CHARACTER SET utf8mb4 COLLATE utf8mb4_0900_ai_ci NOT NULL,
  `signing` varchar(250) CHARACTER SET utf8mb4 COLLATE utf8mb4_0900_ai_ci NOT NULL,
  `role` int NOT NULL DEFAULT '0',
  `inscription_date` date NOT NULL,
  `avatar` varchar(255) NOT NULL,
  PRIMARY KEY (`id`)
) ENGINE=MyISAM AUTO_INCREMENT=62 DEFAULT CHARSET=utf8mb4 COLLATE=utf8mb4_0900_ai_ci;

--
-- Déchargement des données de la table `users`
--

INSERT INTO `users` (`id`, `pseudo`, `lastname`, `firstname`, `gender`, `email`, `pwd`, `birthday`, `signing`, `role`, `inscription_date`, `avatar`) VALUES
(1, 'scarface', 'KUISSU KAMMEGNE', 'ANGELA ELVIRE', 'Mme', 'dierrytchuendom@gmail.com', '$2y$10$tRjvM91iIle.ZXkJIBhuyuJ.pjUhQLHkmD3gjBHtxqbvY8T30RIDO', '2024-01-12', 'Dierry est merveilleux', 0, '0000-00-00', ''),
(5, '@anabel', 'PESSI', 'Christance', 'Mme', 'Pessi@nasa.com', '$2y$10$/sgk7DyEGZIIgq07bB0wsuodrG07ft3FG4XfiSJPUTtjWK9jh6APi', '2010-03-25', 'Je veux etre docteur.', 1, '0000-00-00', '5.png'),
(6, 'admin', 'admin', 'admin', 'Mr', 'admin45@pro.us', '$2y$10$uDuD/uCl5uUWTy6PPZqEsOsHxF8MFQuX4yU2nD9hm1GFTnYBHIcRK', '2024-01-01', 'I&#039;m the one.', 1, '0000-00-00', '6.png'),
(8, 'moignon', 'Scarface', 'Moignon', 'Mr', 'scarfacemoignon@gmail.com', '$2y$10$ETv1N18hvKP/dTHgoUPDTeRhZsLleVOchZloPok1TkC69ihOELuqq', '2004-05-11', 'Display', 0, '0000-00-00', ''),
(61, 'titi', 'titi', 'titi', 'Mme', 'titi@yahoo.fr', '$2y$10$NUgPpSFcjJgx/k71MurlQ.sNN5S9GQcdBKoabx06hNESZ9CWsKD7i', '2003-06-25', 'cybersecurité', 0, '2024-02-05', ''),
(57, 'toto', 'toto', 'toto', 'Mr', 'toto@toto.usa', '$2y$10$f/uz3ZjxNWEBYIqIY7EmFuvzMwYR5DM/tk/7pADVP.KP/tg2Y10Ne', '2018-06-13', 'Toto est la.', 0, '2024-01-23', ''),
(58, 'tinto', 'tinto', 'tinto', 'Mr', 'tinto@tinto.com', '$2y$10$h7YbIcVTvddDmUCYivUiZeWImHtffnqPQYke63ZkPm2NwLrFInRl6', '1994-11-18', 'Yeah pere', 0, '2024-01-27', '58.png');

-- --------------------------------------------------------

--
-- Structure de la table `user_actions`
--

DROP TABLE IF EXISTS `user_actions`;
CREATE TABLE IF NOT EXISTS `user_actions` (
  `id` int NOT NULL AUTO_INCREMENT,
  `id_user` int NOT NULL,
  `id_question` int NOT NULL,
  `action` int NOT NULL,
  PRIMARY KEY (`id`)
) ENGINE=MyISAM AUTO_INCREMENT=53 DEFAULT CHARSET=utf8mb4 COLLATE=utf8mb4_0900_ai_ci;

--
-- Déchargement des données de la table `user_actions`
--

INSERT INTO `user_actions` (`id`, `id_user`, `id_question`, `action`) VALUES
(21, 6, 20, 1),
(20, 6, 21, 1),
(19, 57, 18, 1),
(16, 5, 14, 1),
(13, 5, 11, 1),
(17, 5, 10, 1),
(26, 5, 20, 1),
(24, 5, 18, 1),
(30, 5, 19, 1),
(34, 5, 21, 1),
(32, 5, 17, 1),
(33, 5, 13, 1),
(37, 58, 21, 1),
(38, 58, 22, 1),
(40, 58, 23, 1),
(41, 58, 24, 1),
(42, 6, 25, 1),
(43, 60, 26, 1),
(44, 6, 16, 1),
(45, 5, 33, 1),
(46, 5, 32, 1),
(47, 58, 34, 1),
(48, 58, 35, 1),
(49, 5, 35, 1),
(50, 5, 34, 1),
(51, 61, 35, 1),
(52, 5, 37, 1);
COMMIT;

/*!40101 SET CHARACTER_SET_CLIENT=@OLD_CHARACTER_SET_CLIENT */;
/*!40101 SET CHARACTER_SET_RESULTS=@OLD_CHARACTER_SET_RESULTS */;
/*!40101 SET COLLATION_CONNECTION=@OLD_COLLATION_CONNECTION */;
